"","PG.BiologicalProcess","PG.CellularComponent","PG.Genes","PG.MolecularFunction","PG.ProteinDescriptions","PG.ProteinNames","PG.Qvalue","PG.UniProtIds","X.1..22_0505_002_SSL2_ND_Non_23_01.wiff.PG.NrOfPrecursorsIdentified","X.2..22_0505_004_SSL2_ND_Non_24_01.wiff.PG.NrOfPrecursorsIdentified","X.3..22_0505_006_SSL2_ND_Non_25_01.wiff.PG.NrOfPrecursorsIdentified","X.4..22_0505_008_SSL2_ND_Non_26_01.wiff.PG.NrOfPrecursorsIdentified","X.1..22_0505_002_SSL2_ND_Non_23_01.wiff.PG.NrOfPrecursorsUsedForQuantification","X.2..22_0505_004_SSL2_ND_Non_24_01.wiff.PG.NrOfPrecursorsUsedForQuantification","X.3..22_0505_006_SSL2_ND_Non_25_01.wiff.PG.NrOfPrecursorsUsedForQuantification","X.4..22_0505_008_SSL2_ND_Non_26_01.wiff.PG.NrOfPrecursorsUsedForQuantification","X.1..22_0505_002_SSL2_ND_Non_23_01.wiff.PG.Quantity","X.2..22_0505_004_SSL2_ND_Non_24_01.wiff.PG.Quantity","X.3..22_0505_006_SSL2_ND_Non_25_01.wiff.PG.Quantity","X.4..22_0505_008_SSL2_ND_Non_26_01.wiff.PG.Quantity"
"1",";immunoglobulin production,immune response;;",";extracellular space;;","igkv8-27;igkv8-27;igkv8-30;igkv8-21",";;;","Protein Igkv8-27;Protein Igkv8-27 (Fragment);Protein Igkv8-30 (Fragment);Protein Igkv8-21 (Fragment)","A0A075B5N4_MOUSE;A0A0G2JF28_MOUSE;A0A140T8M3_MOUSE;A0A140T8P7_MOUSE",7.37e-56,"A0A075B5N4;A0A0G2JF28;A0A140T8M3;A0A140T8P7",2,2,2,2,2,2,2,2,54.43769836,13.72892952,27.13803291,29.23783875
"2",";intracellular protein transport,vesicle fusion,endosome organization,endocytic recycling,regulation of protein localization,retrograde transport, endosome to Golgi,Golgi vesicle transport,vesicle docking,Golgi ribbon formation,regulation of cellular protein localization;",";nucleoplasm,early endosome,Golgi apparatus,trans-Golgi network,cytosol,membrane,integral component of membrane,integral component of synaptic vesicle membrane,SNARE complex,trans-Golgi network membrane,terminal bouton,phagocytic vesicle,perinuclear region of cytoplasm,recycling endosome;","stx6",";SNARE binding,SNAP receptor activity,protein binding,syntaxin binding;","Syntaxin-6;Syntaxin-6;Isoform 2 of Syntaxin-6","A0A0A6YXG0_MOUSE;STX6_MOUSE;STX6_MOUSE",0.000269921,"A0A0A6YXG0;Q9JKK1;Q9JKK1-2",1,1,1,2,2,2,2,2,9.155247688,10.00199699,11.32246494,17.84202194
"3",";innate immune response;;;;blood vessel maturation,regulation of DNA replication,endoderm development,defense response to bacterium,positive regulation of I-kappaB kinase/NF-kappaB signaling,innate immune response,positive regulation of cell cycle,negative regulation of smooth muscle cell differentiation,positive regulation of G1/S transition of mitotic cell cycle,positive regulation of MDA-5 signaling pathway,positive regulation of RIG-I signaling pathway;;",";cytoplasm;;;;chromatin,nucleus,cytoplasm,membrane,nuclear membrane;;","ankrd17;ankhd1;ankhd1;ankrd17;ankrd17;ankrd17;ankrd17;ankrd17",";RNA binding;;;;chromatin binding,RNA binding;;","Ankyrin repeat domain-containing protein 17;Protein Ankhd1;Protein Ankhd1;Ankyrin repeat domain-containing protein 17;Ankyrin repeat domain-containing protein 17;Ankyrin repeat domain-containing protein 17;Isoform 2 of Ankyrin repeat domain-containing protein 17;Isoform 3 of Ankyrin repeat domain-containing protein 17","A0A0G2JDZ9_MOUSE;E9PUR0_MOUSE;E9Q1M6_MOUSE;E9Q804_MOUSE;E9QKG6_MOUSE;ANR17_MOUSE;ANR17_MOUSE;ANR17_MOUSE",0.000225001,"A0A0G2JDZ9;E9PUR0;E9Q1M6;E9Q804;E9QKG6;Q99NH0;Q99NH0-2;Q99NH0-3",2,4,5,3,6,6,6,6,36.0470047,27.47088623,32.46812439,20.74928284
"4",";mRNA splice site selection,negative regulation of striated muscle tissue development",";nucleus,U1 snRNP,U2-type prespliceosome","luc7l",";mRNA binding,protein binding,identical protein binding,RS domain binding","Luc7 homolog (S. cerevisiae)-like, isoform CRA_c;Putative RNA-binding protein Luc7-like 1","A0A0R4J047_MOUSE;LUC7L_MOUSE",7.87e-29,"A0A0R4J047;Q9CYI4",4,5,5,5,8,8,8,8,67.43548584,106.2930832,59.30235291,66.3000412
"5",";;;;ion transport,chemical synaptic transmission,potassium ion import,rubidium ion transport,cellular hypotonic response,cellular hypotonic salinity response,chloride transmembrane transport;;chemical synaptic transmission,potassium ion transmembrane transport,chloride transmembrane transport",";;;;integral component of plasma membrane,basolateral plasma membrane,axon,apical plasma membrane;;lysosomal membrane,integral component of membrane","slc12a6;slc12a4;slc12a6;slc12a6;slc12a6;slc12a6;slc12a4",";;;;protein binding,potassium ion transmembrane transporter activity,potassium:chloride symporter activity,protein kinase binding,potassium ion symporter activity,rubidium ion transmembrane transporter activity;;potassium:chloride symporter activity,protein kinase binding,potassium ion symporter activity","Solute carrier family 12 member 6;Solute carrier family 12 member 4;Solute carrier family 12 member 6;Protein Gm21985;Solute carrier family 12 member 6;Isoform 2 of Solute carrier family 12 member 6;Solute carrier family 12 member 4","A2AGJ9_MOUSE;F8WIJ0_MOUSE;Q3V0N8_MOUSE;Q6P6P5_MOUSE;S12A6_MOUSE;S12A6_MOUSE;S12A4_MOUSE",1.62e-18,"A2AGJ9;F8WIJ0;Q3V0N8;Q6P6P5;Q924N4;Q924N4-2;Q9JIS8",3,3,3,2,3,3,3,3,81.71430206,123.7878799,82.7613678,68.43898773
"6",";transport,biological_process;energy reserve metabolic process,transport,insulin receptor signaling pathway,aerobic respiration,cellular response to starvation,positive regulation of gene expression,negative regulation of lipid storage,positive regulation of glucose metabolic process,heat generation,response to stilbenoid,glucose homeostasis,locomotor rhythm,negative regulation of gluconeogenesis,positive regulation of lipid metabolic process,negative regulation of transcription, DNA-templated,negative regulation of lipid biosynthetic process,positive regulation of protein kinase B signaling,negative regulation of insulin secretion involved in cellular response to glucose stimulus,mitochondrion morphogenesis,cellular response to food,cellular response to testosterone stimulus,cellular response to lipid",";cellular_component,extracellular region;extracellular space,nucleus,cytosol","mup1;mup15;mup1",";molecular_function,transporter activity,pheromone binding,small molecule binding;insulin-activated receptor activity,pheromone activity,transporter activity,pheromone binding,small molecule binding","Major urinary protein 1;Major urinary protein 17;Major urinary protein 1","A2CEL1_MOUSE;A9R9W0_MOUSE;MUP1_MOUSE",2.85e-33,"A2CEL1;A9R9W0;P11588",12,12,12,10,13,13,13,13,6164.117676,7581.594238,5835.641602,4431.963379
"7",";;;;;;;;heterophilic cell-cell adhesion via plasma membrane cell adhesion molecules,neuron differentiation,peptidyl-tyrosine dephosphorylation,negative regulation of JAK-STAT cascade,positive regulation of dendrite morphogenesis,regulation of immune response,positive regulation of synapse assembly,presynaptic membrane assembly;;;;;;;;;;;",";;;;;;;;integral component of membrane;;;;;;;;;;;","ptprd",";;;;;;;;protein tyrosine phosphatase activity,receptor binding,protein binding,cell adhesion molecule binding;;;;;;;;;;;","Protein tyrosine phosphatase, receptor type, D;Receptor-type tyrosine-protein phosphatase delta;Receptor-type tyrosine-protein phosphatase delta;Receptor-type tyrosine-protein phosphatase delta;Receptor-type tyrosine-protein phosphatase delta;Receptor-type tyrosine-protein phosphatase delta;Receptor-type tyrosine-protein phosphatase delta;Receptor-type tyrosine-protein phosphatase delta;Receptor-type tyrosine-protein phosphatase delta;Isoform C of Receptor-type tyrosine-protein phosphatase delta;Isoform J of Receptor-type tyrosine-protein phosphatase delta;Isoform K of Receptor-type tyrosine-protein phosphatase delta;Isoform L of Receptor-type tyrosine-protein phosphatase delta;Isoform A of Receptor-type tyrosine-protein phosphatase delta;Isoform B of Receptor-type tyrosine-protein phosphatase delta;Isoform E of Receptor-type tyrosine-protein phosphatase delta;Isoform F of Receptor-type tyrosine-protein phosphatase delta;Isoform G of Receptor-type tyrosine-protein phosphatase delta;Isoform H of Receptor-type tyrosine-protein phosphatase delta;Isoform I of Receptor-type tyrosine-protein phosphatase delta","B9EJA3_MOUSE;E9PVW8_MOUSE;E9Q7I7_MOUSE;G3UWK6_MOUSE;G3UX60_MOUSE;G3UY75_MOUSE;G3UYU6_MOUSE;Q5SPA9_MOUSE;PTPRD_MOUSE;PTPRD_MOUSE;PTPRD_MOUSE;PTPRD_MOUSE;PTPRD_MOUSE;PTPRD_MOUSE;PTPRD_MOUSE;PTPRD_MOUSE;PTPRD_MOUSE;PTPRD_MOUSE;PTPRD_MOUSE;PTPRD_MOUSE",3.13e-05,"B9EJA3;E9PVW8;E9Q7I7;G3UWK6;G3UX60;G3UY75;G3UYU6;Q5SPA9;Q64487;Q64487-1;Q64487-10;Q64487-11;Q64487-12;Q64487-2;Q64487-3;Q64487-5;Q64487-6;Q64487-7;Q64487-8;Q64487-9",2,2,3,2,3,3,3,3,9.464904785,9.091691971,15.17328644,12.14787674
"8","","","chpt1","","Cholinephosphotransferase 1","D3YU39_MOUSE",2.84e-21,"D3YU39",2,2,2,2,2,2,2,2,372.5333862,535.2405396,407.6072998,389.975647
"9",";;negative regulation of hydrogen peroxide biosynthetic process,reactive oxygen species metabolic process,negative regulation of mitochondrial outer membrane permeabilization involved in apoptotic signaling pathway",";;mitochondrion,peroxisome,peroxisomal membrane,integral component of membrane,intracellular membrane-bounded organelle","mpv17l",";;receptor binding,protein binding","Mpv17-like protein","D3Z6M3_MOUSE;D6RHR1_MOUSE;MP17L_MOUSE",1.21e-15,"D3Z6M3;D6RHR1;Q99MS3",2,2,2,1,2,2,2,2,29.59980392,22.12731743,66.31607819,32.67826462
"10",";protein localization,response to metal ion",";membrane,extracellular exosome","cuta",";copper ion binding,enzyme binding","Protein CutA","D5MCW4_MOUSE;CUTA_MOUSE",0.006067875,"D5MCW4;Q9CQ89",2,2,1,1,2,2,2,2,63.10438538,35.81264114,80.39103699,33.74114227
"11",";",";","adck5",";","Uncharacterized aarF domain-containing protein kinase 5","E0CXW2_MOUSE;E9PUK2_MOUSE",4.56e-17,"E0CXW2;E9PUK2",1,1,2,1,2,2,2,2,26.94910049,13.53572464,19.73398781,3.45581007
"12",";protein import into mitochondrial inner membrane;",";mitochondrion,integral component of membrane,mitochondrial inner membrane protein insertion complex;","timm22",";protein binding,protein channel activity,mitochondrion targeting sequence binding;","Mitochondrial import inner membrane translocase subunit Tim22;Mitochondrial import inner membrane translocase subunit Tim22;Mitochondrial import inner membrane translocase subunit Tim22 (Fragment)","E9PXB9_MOUSE;TIM22_MOUSE;Z4YN86_MOUSE",1.02e-05,"E9PXB9;Q9CQ85;Z4YN86",2,1,1,1,2,2,2,2,9.02544117,21.62716293,11.03451443,16.21258163
"13",";ureteric bud development,in utero embryonic development,endoderm formation,mesoderm formation,transcription from RNA polymerase II promoter,protein phosphorylation,transforming growth factor beta receptor signaling pathway,common-partner SMAD protein phosphorylation,SMAD protein complex assembly,zygotic specification of dorsal/ventral axis,gastrulation,pattern specification process,endoderm development,heart development,negative regulation of cell proliferation,response to glucose,post-embryonic development,embryonic pattern specification,anterior/posterior pattern specification,positive regulation of gene expression,negative regulation of gene expression,positive regulation of epithelial to mesenchymal transition,regulation of transforming growth factor beta receptor signaling pathway,signal transduction involved in regulation of gene expression,insulin secretion,lung development,positive regulation of BMP signaling pathway,pancreas development,activin receptor signaling pathway,organ growth,intracellular signal transduction,nodal signaling pathway,wound healing,cell fate commitment,negative regulation of transcription, DNA-templated,positive regulation of transcription, DNA-templated,positive regulation of transcription from RNA polymerase II promoter,paraxial mesoderm morphogenesis,developmental growth,embryonic foregut morphogenesis,embryonic cranial skeleton morphogenesis,regulation of binding,palate development,pericardium development,SMAD protein signal transduction,response to cholesterol,positive regulation of nodal signaling pathway involved in determination of lateral mesoderm left/right asymmetry;;negative regulation of transcription from RNA polymerase II promoter,skeletal system development,osteoblast differentiation,ureteric bud development,response to hypoxia,in utero embryonic development,mesoderm formation,somitogenesis,liver development,heart looping,osteoblast development,immune system development,regulation of transcription from RNA polymerase II promoter,transcription from RNA polymerase II promoter,transport,activation of cysteine-type endopeptidase activity involved in apoptotic process,immune response,cell cycle arrest,transforming growth factor beta receptor signaling pathway,SMAD protein complex assembly,gastrulation,endoderm development,embryonic pattern specification,positive regulation of gene expression,positive regulation of alkaline phosphatase activity,positive regulation of epithelial to mesenchymal transition,regulation of striated muscle tissue development,regulation of transforming growth factor beta receptor signaling pathway,evasion or tolerance of host defenses by virus,signal transduction involved in regulation of gene expression,negative regulation of cell growth,positive regulation of cell migration,positive regulation of bone mineralization,thyroid gland development,positive regulation of chondrocyte differentiation,positive regulation of interleukin-1 beta production,regulation of transforming growth factor beta2 production,positive regulation of transforming growth factor beta3 production,activin receptor signaling pathway,negative regulation of osteoblast proliferation,positive regulation of catenin import into nucleus,nodal signaling pathway,T cell activation,negative regulation of protein catabolic process,positive regulation of transcription factor import into nucleus,negative regulation of apoptotic process,cell-cell junction organization,positive regulation of nitric oxide biosynthetic process,negative regulation of fat cell differentiation,negative regulation of osteoblast differentiation,positive regulation of transcription, DNA-templated,negative regulation of mitotic cell cycle,positive regulation of transcription from RNA polymerase II promoter,paraxial mesoderm morphogenesis,developmental growth,embryonic foregut morphogenesis,embryonic cranial skeleton morphogenesis,regulation of epithelial cell proliferation,negative regulation of inflammatory response,regulation of immune response,protein stabilization,positive regulation of positive chemotaxis,regulation of binding,negative regulation of cytosolic calcium ion concentration,positive regulation of stress fiber assembly,positive regulation of focal adhesion assembly,pericardium development,canonical Wnt signaling pathway,transdifferentiation,SMAD protein signal transduction,negative regulation of wound healing,negative regulation of lung blood pressure,lens fiber cell differentiation,cellular response to transforming growth factor beta stimulus,extrinsic apoptotic signaling pathway,activation of cysteine-type endopeptidase activity involved in apoptotic signaling pathway,positive regulation of extracellular matrix assembly,positive regulation of pri-miRNA transcription from RNA polymerase II promoter,negative regulation of cardiac muscle hypertrophy in response to stress",";nuclear chromatin,nucleus,transcription factor complex,cytoplasm,activin responsive factor complex,protein complex,SMAD protein complex,SMAD2-SMAD3 protein complex;;nuclear chromatin,nucleus,nuclear inner membrane,nucleoplasm,transcription factor complex,cytoplasm,cytosol,plasma membrane,receptor complex,SMAD protein complex,SMAD2-SMAD3 protein complex","smad2;smad2;smad2;smad3",";RNA polymerase II core promoter proximal region sequence-specific DNA binding,transcriptional activator activity, RNA polymerase II core promoter proximal region sequence-specific binding,chromatin binding,double-stranded DNA binding,transcription factor activity, sequence-specific DNA binding,transforming growth factor beta receptor binding,protein binding,transcription factor binding,phosphatase binding,transforming growth factor beta receptor, pathway-specific cytoplasmic mediator activity,ubiquitin protein ligase binding,activating transcription factor binding,type I transforming growth factor beta receptor binding,protein homodimerization activity,SMAD binding,metal ion binding,protein heterodimerization activity,co-SMAD binding,I-SMAD binding,R-SMAD binding,primary miRNA binding,disordered domain specific binding,DNA binding;;RNA polymerase II regulatory region sequence-specific DNA binding,RNA polymerase II core promoter proximal region sequence-specific DNA binding,transcription factor activity, RNA polymerase II core promoter sequence-specific,core promoter proximal region sequence-specific DNA binding,transcription factor activity, protein binding,RNA polymerase II activating transcription factor binding,chromatin binding,double-stranded DNA binding,transcription factor activity, sequence-specific DNA binding,transforming growth factor beta receptor binding,protein binding,collagen binding,beta-catenin binding,transcription factor binding,zinc ion binding,DEAD/H-box RNA helicase binding,protein kinase binding,phosphatase binding,transforming growth factor beta receptor, pathway-specific cytoplasmic mediator activity,chromatin DNA binding,ubiquitin protein ligase binding,mineralocorticoid receptor binding,glucocorticoid receptor binding,identical protein binding,protein homodimerization activity,ubiquitin binding,bHLH transcription factor binding,sequence-specific DNA binding,transcription regulatory region DNA binding,protein heterodimerization activity,co-SMAD binding,R-SMAD binding,primary miRNA binding","Mothers against decapentaplegic homolog;Mothers against decapentaplegic homolog 2;Isoform Short of Mothers against decapentaplegic homolog 2;Mothers against decapentaplegic homolog 3","E9Q3M0_MOUSE;SMAD2_MOUSE;SMAD2_MOUSE;SMAD3_MOUSE",6.12e-56,"E9Q3M0;Q62432;Q62432-2;Q8BUN5",3,3,3,3,3,3,3,3,55.67272949,70.05873108,54.16963959,85.72541046
"14",";;;;posttranscriptional regulation of gene expression,stress granule assembly,production of miRNAs involved in gene silencing by miRNA,regulation of mRNA stability,regulation of chromosome segregation,positive regulation of RIG-I signaling pathway,positive regulation of gene silencing by miRNA;;;spermatogenesis,adult locomotory behavior,posttranscriptional regulation of gene expression,posttranscriptional gene silencing,production of miRNAs involved in gene silencing by miRNA,regulation of mRNA stability,stem cell differentiation,regulation of cell cycle,regulation of chromosome segregation,mRNA destabilization,positive regulation of RIG-I signaling pathway,positive regulation of gene silencing by miRNA;;",";;;;cytosol,cytoplasmic stress granule,nuclear membrane,perinuclear region of cytoplasm;;;cytoplasmic mRNA processing body,nucleus,nucleoplasm,cytoplasm,cytosol,cytoplasmic stress granule,nuclear speck;;","pum1;pum2;pum1;pum2;pum2;pum2;pum2;pum1;pum1;pum1",";;;;RNA binding,mRNA 3'-UTR binding,protein binding,miRNA binding;;;RNA binding,mRNA 3'-UTR binding,miRNA binding;;","Pumilio homolog 1;Pumilio homolog 2;Pumilio homolog 1;Pumilio homolog 2;Pumilio homolog 2;Isoform 2 of Pumilio homolog 2;Isoform 3 of Pumilio homolog 2;Pumilio homolog 1;Isoform 2 of Pumilio homolog 1;Isoform 3 of Pumilio homolog 1","E9Q6M7_MOUSE;Q3TQ29_MOUSE;Q3TTW5_MOUSE;Q3UR91_MOUSE;PUM2_MOUSE;PUM2_MOUSE;PUM2_MOUSE;PUM1_MOUSE;PUM1_MOUSE;PUM1_MOUSE",9.48e-10,"E9Q6M7;Q3TQ29;Q3TTW5;Q3UR91;Q80U58;Q80U58-2;Q80U58-3;Q80U78;Q80U78-2;Q80U78-3",2,2,1,1,2,2,2,2,35.37346268,24.36391068,24.18802834,40.88943481
"15",";activation of MAPK activity,endothelial cell morphogenesis,liver development,placenta development,chemical synaptic transmission,brain development,muscle organ development,skeletal muscle tissue development,negative regulation of gene expression,positive regulation of glucose transport,muscle cell migration,myotube differentiation,peptidyl-tyrosine phosphorylation,adult behavior,positive regulation of microtubule polymerization,regulation of interleukin-6 production,negative regulation of Rho protein signal transduction,glucose homeostasis,positive regulation of transcription from RNA polymerase II promoter,protein autophosphorylation,hepatocyte growth factor receptor signaling pathway,branching morphogenesis of an epithelial tube,modulation of synaptic transmission,positive chemotaxis,myoblast proliferation,negative regulation of stress fiber assembly,cardiac muscle cell development,cardiac muscle contraction,excitatory postsynaptic potential,regulation of branching involved in salivary gland morphogenesis by mesenchymal-epithelial signaling,establishment of skin barrier,negative regulation of thrombin-activated receptor signaling pathway,semaphorin-plexin signaling pathway,negative regulation of transforming growth factor beta production,reactive oxygen species metabolic process,regulation of cellular response to oxidative stress,positive regulation of p38MAPK cascade,negative regulation of hydrogen peroxide-mediated programmed cell death,negative regulation of guanyl-nucleotide exchange factor activity,positive regulation of endothelial cell chemotaxis",";basal plasma membrane,cell surface,membrane,integral component of membrane,postsynapse","met",";protein kinase activity,hepatocyte growth factor-activated receptor activity,protein binding,ATP binding,protein phosphatase binding","Hepatocyte growth factor receptor","F8VQL0_MOUSE;MET_MOUSE",0.000751588,"F8VQL0;P16056",2,1,2,2,3,3,3,3,104.6310577,86.86885071,71.18972778,115.1130524
"16",";vacuolar acidification,vacuolar proton-transporting V-type ATPase complex assembly",";RAVE complex","dmxl1",";molecular_function","DmX-like protein 1","F8WGX5_MOUSE;DMXL1_MOUSE",0.004698746,"F8WGX5;Q6PNC0",1,2,1,1,2,2,2,2,85.86541748,105.8841476,56.69660187,69.29721069
"17","lactate transmembrane transport,pyruvate transmembrane transport","integral component of plasma membrane,integral component of membrane","slc16a7","monocarboxylic acid transmembrane transporter activity,lactate transmembrane transporter activity,symporter activity,pyruvate transmembrane transporter activity","Monocarboxylate transporter 2","MOT2_MOUSE",0.000164971,"O70451",1,1,1,1,2,2,2,2,22.29998398,29.87670898,18.66853714,6.536289215
"18","positive regulation of protein phosphorylation,male meiosis,male meiosis I,spermatogenesis,spermatid development,response to heat,response to cold,positive regulation of cyclin-dependent protein serine/threonine kinase activity involved in G2/M transition of mitotic cell cycle,positive regulation of ATPase activity,protein refolding,synaptonemal complex disassembly,negative regulation of inclusion body assembly,positive regulation of calcium-transporting ATPase activity","synaptonemal complex,male germ cell nucleus,nucleus,nucleoplasm,mitochondrion,cytosol,cell surface,membrane,CatSper complex,myelin sheath,extracellular exosome,blood microparticle,meiotic spindle","hspa2","protein binding,ATP binding,enzyme binding,unfolded protein binding,glycolipid binding,disordered domain specific binding","Heat shock-related 70 kDa protein 2","HSP72_MOUSE",0.006237613,"P17156",2,1,2,1,2,2,2,2,14.43883896,19.28472137,6.408032417,18.28173828
"19","mitochondrial electron transport, cytochrome c to oxygen,hydrogen ion transmembrane transport","mitochondrion,mitochondrial inner membrane,mitochondrial respiratory chain complex IV,integral component of membrane","cox7c","cytochrome-c oxidase activity","Cytochrome c oxidase subunit 7C, mitochondrial","COX7C_MOUSE",2.46e-09,"P17665",1,1,1,2,2,2,2,2,3568.330566,3526.503418,3135.605469,2007.278076
"20","cell morphogenesis,regulation of cell shape,peptide cross-linking,hemoglobin metabolic process,erythrocyte maturation,spleen development,ion homeostasis,iron ion homeostasis;","plasma membrane,membrane,cortical cytoskeleton;","epb42","protein-glutamine gamma-glutamyltransferase activity;","Erythrocyte membrane protein band 4.2","EPB42_MOUSE;Q3UV95_MOUSE",0.004317529,"P49222;Q3UV95",2,1,2,2,2,2,2,2,11.99621391,10.54555798,26.98931122,23.30989838
"21","L-phenylalanine catabolic process,tyrosine catabolic process,oxidation-reduction process","Golgi membrane,endoplasmic reticulum,endoplasmic reticulum membrane,Golgi apparatus,extracellular exosome","hpd","4-hydroxyphenylpyruvate dioxygenase activity,metal ion binding","4-hydroxyphenylpyruvate dioxygenase","HPPD_MOUSE",7.76e-07,"P49429",2,1,1,2,3,3,3,3,18.83173943,6.123991966,20.21378136,33.25193787
"22","retrograde vesicle-mediated transport, Golgi to ER,small GTPase mediated signal transduction,protein transport;regulation of receptor internalization,cellular copper ion homeostasis,actin filament organization,small GTPase mediated signal transduction,protein transport,vesicle-mediated transport,regulation of Arp2/3 complex-mediated actin nucleation,very-low-density lipoprotein particle assembly,positive regulation of catalytic activity,positive regulation of endocytosis,positive regulation of calcium ion-dependent exocytosis,positive regulation of protein secretion,Golgi to transport vesicle transport,long term synaptic depression,positive regulation of dendritic spine development,synaptic vesicle budding,dendritic spine organization,lysosomal membrane organization,cellular response to virus,positive regulation of sodium ion transmembrane transport,positive regulation of late endosome to lysosome transport,positive regulation of ER to Golgi vesicle-mediated transport,regulation of phospholipid metabolic process,mitotic cleavage furrow ingression","Golgi apparatus,perinuclear region of cytoplasm,extracellular exosome;Golgi membrane,late endosome,peroxisomal membrane,Golgi apparatus,trans-Golgi network,cytosol,focal adhesion,endomembrane system,postsynaptic density,sarcomere,COPI-coated vesicle,cell leading edge,neuron projection,protein complex,postsynaptic membrane,perinuclear region of cytoplasm,extracellular exosome","arf3;arf1","GTP binding;magnesium ion binding,RNA binding,protein binding,GTP binding,GDP binding,protein domain specific binding,protein heterodimerization activity,phospholipase D activator activity","ADP-ribosylation factor 3;ADP-ribosylation factor 1","ARF3_MOUSE;ARF1_MOUSE",1.15e-23,"P61205;P84078",19,16,18,18,12,12,12,12,4378.792969,4397.109863,4838.444336,3770.226318
"23","cellular zinc ion homeostasis,zinc II ion transmembrane transport","nucleoplasm,endoplasmic reticulum,endoplasmic reticulum membrane,Golgi apparatus,integral component of membrane","slc39a7","zinc ion transmembrane transporter activity,protein binding","Zinc transporter SLC39A7","S39A7_MOUSE",0.006147547,"Q31125",1,1,1,0,2,2,2,2,2.759231806,2.474799395,2.148527861,2.540504217
"24","methionyl-tRNA aminoacylation","mitochondrion,mitochondrial matrix","mars2","methionine-tRNA ligase activity,ATP binding","Methionine--tRNA ligase, mitochondrial","SYMM_MOUSE",0.000510012,"Q499X9",0,2,1,1,2,2,2,2,10.47712326,21.40858269,5.77879858,13.66358948
"25","biological_process","cellular_component","gm11992","molecular_function","Uncharacterized protein C7orf57 homolog","CG057_MOUSE",0.000604087,"Q5SS90",1,1,2,2,3,3,3,3,14.49378204,16.39466667,17.26844978,16.84664154
"26","inorganic anion transport,urate transport,sodium-independent organic anion transport,transmembrane transport,nicotinate transport","integral component of plasma membrane,apical plasma membrane,extracellular exosome","slc22a13","inorganic anion exchanger activity,sodium-independent organic anion transmembrane transporter activity,nicotinate transporter activity","Solute carrier family 22 member 13","S22AD_MOUSE",1.37e-27,"Q6A4L0",2,2,2,2,2,2,2,2,35.47151566,33.80128479,55.13793564,63.64364624
"27","threonyl-tRNA aminoacylation","cytoplasm","tarsl2","threonine-tRNA ligase activity,ATP binding","Probable threonine--tRNA ligase 2, cytoplasmic","SYTC2_MOUSE",3.36e-11,"Q8BLY2",2,3,2,1,3,3,3,3,147.6016388,208.8625183,128.8688507,233.9080353
"28","biological_process;","mitochondrion,mitochondrial ribosome,mitochondrial large ribosomal subunit;","mrpl38","molecular_function;","39S ribosomal protein L38, mitochondrial;Isoform 2 of 39S ribosomal protein L38, mitochondrial","RM38_MOUSE",1.51e-36,"Q8K2M0;Q8K2M0-2",2,2,2,1,2,2,2,2,11.6222744,23.83827972,15.68695927,40.19980621
"29","purine nucleoside metabolic process","cellular_component","oard1","purine nucleoside binding,deacetylase activity","O-acetyl-ADP-ribose deacetylase 1","OARD1_MOUSE",2.79e-08,"Q8R5F3",1,1,2,1,2,2,2,2,10.02897835,8.325911522,16.61474419,10.98772812
"30","'de novo' protein folding,chaperone-mediated protein folding,plus-end-directed vesicle transport along microtubule,positive regulation of autophagosome maturation","lysosome,late endosome,autophagosome,Golgi apparatus,membrane,integral component of membrane,intracellular membrane-bounded organelle,chaperonin-containing T-complex","fyco1","ATP binding,protein binding involved in protein folding,metal ion binding,unfolded protein binding","FYVE and coiled-coil domain-containing protein 1","FYCO1_MOUSE",0.005057507,"Q8VDC1",2,1,1,1,2,2,2,2,4.207540035,2.854146004,2.971763611,4.599087715
"31","apoptotic process,phospholipid transport,DNA damage response, signal transduction by p53 class mediator,cellular response to UV,negative regulation of apoptotic process,negative regulation of cysteine-type endopeptidase activity involved in apoptotic process,positive regulation of transcription from RNA polymerase II promoter,negative regulation of release of cytochrome c from mitochondria,regulation of membrane lipid distribution,negative regulation of intrinsic apoptotic signaling pathway in response to DNA damage by p53 class mediator,positive regulation of phospholipid transport","nucleoplasm,mitochondrion,mitochondrial intermembrane space,protein complex,perinuclear region of cytoplasm","triap1","p53 binding,phosphatidic acid transporter activity","TP53-regulated inhibitor of apoptosis 1","TRIA1_MOUSE",1.82e-31,"Q9D8Z2",1,2,1,1,2,2,2,2,17.79757309,19.85089111,35.97853851,14.73638248
"32","misfolded or incompletely synthesized protein catabolic process,protein targeting to peroxisome,response to organic cyclic compound,protein processing,regulation of fatty acid beta-oxidation;","nucleus,cytoplasm,peroxisome,peroxisomal matrix,membrane;","lonp2","protease binding,ATP-dependent peptidase activity,serine-type endopeptidase activity,receptor binding,protein binding,ATP binding,peptidase activity,enzyme binding;","Lon protease homolog 2, peroxisomal;Isoform 2 of Lon protease homolog 2, peroxisomal","LONP2_MOUSE",8.53e-05,"Q9DBN5;Q9DBN5-2",2,2,2,2,2,2,2,2,3.10448122,11.71881008,5.637531757,5.130476952
"33","biological_process","cellular_component","mettl9","molecular_function","Methyltransferase-like protein 9","METL9_MOUSE",0.005583949,"Q9EPL4",1,0,2,2,2,2,2,2,6.307423592,11.1727562,5.518147945,16.87704468
"34","seryl-tRNA aminoacylation,selenocysteinyl-tRNA(Sec) biosynthetic process","cytoplasm,mitochondrion,mitochondrial matrix","sars2","RNA binding,serine-tRNA ligase activity,ATP binding","Serine--tRNA ligase, mitochondrial","SYSM_MOUSE",0.001429428,"Q9JJL8",2,2,0,1,2,2,2,2,10.98673534,7.105523109,3.783505917,8.102293015
"35","ion transport,calcium-independent cell-cell adhesion via plasma membrane cell-adhesion molecules;","cytoplasm,endoplasmic reticulum,plasma membrane,bicellular tight junction,integral component of membrane;","cldn10","structural molecule activity,protein binding,identical protein binding;","Claudin-10;Isoform 6 of Claudin-10","CLD10_MOUSE",8.43e-12,"Q9Z0S6;Q9Z0S6-6",3,3,3,1,3,3,3,3,9.055078506,22.75301552,26.90084076,7.962477684
"36","potassium ion import,regulation of ion transmembrane transport","plasma membrane,integral component of plasma membrane,basolateral plasma membrane","kcnj16","inward rectifier potassium channel activity","Inward rectifier potassium channel 16","KCJ16_MOUSE",8.4e-12,"Q9Z307",3,3,3,3,3,3,3,3,151.680481,167.7705688,58.78076172,51.15230942
