p-value,q-value,term_goid,term_category,term_level,pathway,members_input_overlap,members_input_overlap_geneids,size,effective_size,count, GeneRatio non-corrected,GeneRatio
6.56E-18,4.20E-16,GO:0070062,c,4,extracellular exosome,16; 60; 87; 214; 351; 633; 960; 1291; 1292; 1303; 1471; 1509; 1522; 1808; 1973; 2316; 2317; 2335; 2934; 3073; 3074; 3181; 3304; 3339; 3956; 3959; 4478; 4627; 4637; 5216; 5339; 5351; 5652; 5660; 5684; 5720; 5768; 7086; 7094; 7414; 7431; 103910; 8407; 8826; 8985; 9446; 9948; 10487; 10971; 11117; 1508; 375790; 83442,PLOD1; HSPG2; VCL; BGN; MYL6; HSPA1B; PRSS8; EMILIN1; IQGAP1; GSN; ALCAM; MYH9; CAP1; TLN1; PSMA3; TKT; HNRNPA2B1; CST3; TAGLN2; QSOX1; DPYSL2; WDR1; CD44; CTSB; CTSD; PSME1; LGALS3BP; CTSZ; PLEC; AARS1; LGALS1; FLNB; AGRN; ACTN1; GSTO1; MYL12B; FN1; MSN; HEXA; APP; HEXB; PSAP; YWHAQ; VIM; PFN1; PLOD3; COL6A1; FLNA; ACTB; COL6A2; EIF4A1; COL12A1; SH3BGRL3,2146,292,53,0.024697111,0.181506849
9.35E-18,5.24E-16,GO:1903561,c,3,extracellular vesicle,16; 60; 87; 214; 351; 633; 960; 1291; 1292; 1303; 1471; 1509; 1522; 1808; 1973; 2316; 2317; 2335; 2934; 3073; 3074; 3181; 3304; 3956; 3959; 4478; 4627; 4637; 5216; 5339; 5351; 5652; 5660; 5684; 5720; 5768; 7086; 7414; 7431; 103910; 8407; 8826; 8985; 9446; 9948; 10487; 10971; 11117; 1508; 375790; 83442; 7094; 3339,PLOD1; QSOX1; VCL; BGN; MYL6; HSPA1B; PRSS8; EMILIN1; IQGAP1; GSN; ALCAM; MYH9; CAP1; TLN1; PSMA3; TKT; HNRNPA2B1; CST3; TAGLN2; HSPG2; DPYSL2; WDR1; CD44; CTSB; CTSD; PSME1; LGALS3BP; CTSZ; PLEC; AARS1; LGALS1; FLNB; AGRN; ACTN1; GSTO1; MYL12B; FN1; MSN; HEXA; APP; HEXB; PSAP; YWHAQ; VIM; PFN1; PLOD3; COL6A1; FLNA; ACTB; COL6A2; EIF4A1; COL12A1; SH3BGRL3,2167,294,53,0.024457776,0.180272109
4.78E-13,1.34E-11,GO:0005924,c,3,cell-substrate adherens junction,60; 87; 214; 960; 2316; 2317; 2934; 3304; 3371; 3927; 4478; 4627; 4869; 4921; 5216; 5339; 7414; 7431; 8826; 9124; 9902; 10487; 23603; 10971; 7094; 3339,YWHAQ; HSPG2; MSN; IQGAP1; GSN; MRC2; ALCAM; MYH9; CAP1; TLN1; CORO1C; PDLIM1; CD44; VCL; PLEC; TNC; LASP1; NPM1; FLNB; ACTN1; HSPA1B; DDR2; VIM; PFN1; FLNA; ACTB,422,84,26,0.061611374,0.30952381
4.78E-13,1.53E-11,GO:0005925,c,4,focal adhesion,60; 87; 214; 960; 2316; 2317; 2934; 3304; 3339; 3371; 3927; 4478; 4627; 4921; 5216; 5339; 7094; 7414; 7431; 8826; 9124; 9902; 10487; 23603; 10971; 4869,YWHAQ; HSPG2; MSN; IQGAP1; GSN; MRC2; ALCAM; MYH9; CAP1; TLN1; CORO1C; PDLIM1; CD44; VCL; PLEC; TNC; LASP1; NPM1; FLNB; ACTN1; HSPA1B; DDR2; VIM; PFN1; FLNA; ACTB,420,84,26,0.061904762,0.30952381
1.34E-12,2.50E-11,GO:0031982,c,3,vesicle,16; 60; 87; 214; 351; 633; 813; 960; 1291; 1292; 1303; 1471; 1509; 1522; 1808; 1973; 2316; 2317; 2335; 2934; 3073; 3074; 3146; 3181; 3304; 3956; 3959; 4478; 4627; 4637; 5216; 5339; 5351; 5652; 5660; 5684; 5720; 5768; 7086; 7414; 7431; 103910; 8407; 8826; 8985; 9446; 9948; 10487; 23603; 10971; 11117; 1508; 375790; 83442; 7094; 3339,PLOD1; HMGB1; QSOX1; VCL; BGN; MYL6; HSPA1B; PRSS8; EMILIN1; IQGAP1; GSN; ALCAM; MYH9; CAP1; TLN1; CORO1C; PSMA3; TKT; HNRNPA2B1; CST3; TAGLN2; HSPG2; DPYSL2; WDR1; CD44; CTSB; CTSD; PSME1; LGALS3BP; CTSZ; PLEC; AARS1; LGALS1; FLNB; AGRN; ACTN1; GSTO1; MYL12B; FN1; MSN; HEXA; APP; HEXB; PSAP; CALU; YWHAQ; VIM; PFN1; PLOD3; COL6A1; FLNA; ACTB; COL6A2; EIF4A1; COL12A1; SH3BGRL3,3959,418,56,0.014144986,0.133971292
1.64E-11,2.30E-10,GO:0005912,c,3,adherens junction,60; 87; 214; 960; 2316; 2317; 2934; 3304; 3371; 3927; 4478; 4627; 4869; 4921; 5216; 5339; 7414; 7431; 8826; 9124; 9902; 10487; 23603; 10971; 7094; 3339,YWHAQ; HSPG2; MSN; IQGAP1; GSN; MRC2; ALCAM; MYH9; CAP1; TLN1; CORO1C; PDLIM1; CD44; VCL; PLEC; TNC; LASP1; NPM1; FLNB; ACTN1; HSPA1B; DDR2; VIM; PFN1; FLNA; ACTB,557,96,26,0.046678636,0.270833333
3.61E-11,1.36E-08,GO:0030198,b,4,extracellular matrix organization,351; 633; 871; 960; 1291; 1292; 1303; 1471; 2335; 2934; 3339; 3371; 4921; 5768; 8985; 10631; 11117; 375790; 60681,QSOX1; EMILIN1; FN1; DDR2; CD44; APP; HSPG2; BGN; FKBP10; AGRN; POSTN; TNC; PLOD3; COL6A1; CST3; SERPINH1; COL6A2; COL12A1; GSN,393,51,19,0.048346056,0.37254902
5.39E-11,1.16E-08,GO:0009888,b,3,tissue development,60; 633; 871; 960; 1291; 1303; 2280; 2316; 2335; 2934; 3371; 4478; 4637; 4921; 5216; 5351; 5652; 5660; 5684; 5720; 7414; 7431; 8407; 8826; 8985; 9948; 23603; 10631; 1508; 375790; 3339,HSPG2; BGN; MYL6; MSN; PRSS8; IQGAP1; GSN; PLOD3; PLOD1; PSMA3; TAGLN2; WDR1; CD44; CTSB; VCL; PSME1; POSTN; TNC; SERPINH1; AGRN; FN1; CORO1C; DDR2; PSAP; VIM; PFN1; FKBP1A; COL6A1; FLNA; ACTB; COL12A1,1989,143,31,0.015585721,0.216783217
3.52E-10,3.80E-08,GO:0043062,b,3,extracellular structure organization,351; 633; 871; 960; 1291; 1292; 1303; 1471; 2335; 2934; 3371; 4921; 5768; 8985; 10631; 11117; 375790; 3339; 60681,HSPG2; EMILIN1; FN1; DDR2; CD44; APP; QSOX1; BGN; FKBP10; AGRN; POSTN; TNC; PLOD3; COL6A1; CST3; SERPINH1; COL6A2; COL12A1; GSN,454,57,19,0.04185022,0.333333333
8.02E-10,8.98E-09,GO:0062023,c,3,collagen-containing extracellular matrix,633; 871; 1291; 1292; 1303; 1509; 1522; 2335; 3371; 3956; 3959; 5660; 8985; 10631; 11117; 1508; 375790; 3339,AGRN; EMILIN1; FN1; PSAP; CTSB; HSPG2; CTSD; BGN; LGALS3BP; POSTN; CTSZ; TNC; PLOD3; COL6A1; SERPINH1; COL6A2; LGALS1; COL12A1,426,53,18,0.042253521,0.339622642
2.46E-08,4.62E-06,GO:0045055,b,4,regulated exocytosis,87; 351; 960; 1471; 1509; 1522; 2316; 2335; 2934; 3074; 3146; 3304; 3959; 4627; 5660; 5768; 7094; 7414; 8407; 8826; 9948; 10487; 1508,HMGB1; QSOX1; VCL; HSPA1B; IQGAP1; GSN; MYH9; CAP1; TLN1; CST3; TAGLN2; WDR1; CD44; CTSB; CTSD; LGALS3BP; CTSZ; ACTN1; FN1; APP; HEXB; PSAP; FLNA,786,103,23,0.029262087,0.223300971
2.83E-08,2.04E-06,GO:0048513,b,3,animal organ development,60; 87; 351; 633; 871; 960; 1808; 2280; 2316; 2317; 2335; 3146; 3304; 3371; 3956; 4478; 4627; 4637; 4921; 5216; 5652; 5660; 5684; 5720; 5954; 7431; 8826; 8985; 9124; 9948; 23603; 10971; 11117; 375790; 3339,YWHAQ; HMGB1; HSPG2; BGN; MYL6; MSN; PRSS8; IQGAP1; WDR1; PLOD3; MYH9; CORO1C; PSMA3; EMILIN1; DPYSL2; PDLIM1; RCN1; CD44; PSME1; TNC; LGALS1; FLNB; AGRN; ACTN1; ACTB; FN1; HSPA1B; DDR2; APP; PSAP; VIM; PFN1; FKBP1A; FLNA; SERPINH1,3503,223,35,0.009991436,0.156950673
5.11E-08,1.09E-06,GO:0005788,c,4,endoplasmic reticulum lumen,351; 813; 871; 1291; 1292; 1303; 1471; 1522; 2335; 3371; 3956; 5768; 5954; 8985; 60681,RCN1; FN1; PLOD3; APP; QSOX1; CALU; FKBP10; CTSZ; TNC; COL6A1; CST3; SERPINH1; COL6A2; LGALS1; COL12A1,307,46,15,0.048859935,0.326086957
2.58E-07,1.52E-05,GO:0005518,m,3,collagen binding,871; 960; 1291; 1292; 2335; 4921; 9902; 1508,MRC2; FN1; DDR2; CD44; CTSB; COL6A1; SERPINH1; COL6A2,68,13,8,0.117647059,0.615384615
3.02E-07,1.63E-05,GO:0048731,b,3,system development,60; 87; 214; 351; 633; 871; 960; 1808; 2280; 2316; 2317; 2335; 2934; 3074; 3146; 3304; 3371; 3956; 4478; 4627; 4637; 4921; 5216; 5652; 5660; 5684; 5720; 5954; 7414; 7431; 8826; 8985; 9124; 9948; 23603; 10631; 10971; 11117; 375790; 3339; 60681,YWHAQ; FKBP10; HMGB1; HSPG2; BGN; MYL6; MSN; PRSS8; IQGAP1; GSN; WDR1; ALCAM; MYH9; CORO1C; PSMA3; PLOD3; DPYSL2; PDLIM1; RCN1; CD44; POSTN; VCL; PSME1; SERPINH1; TNC; LGALS1; FLNB; AGRN; ACTN1; EMILIN1; FN1; HSPA1B; DDR2; APP; HEXB; PSAP; VIM; PFN1; FKBP1A; FLNA; ACTB,4796,317,41,0.008548791,0.129337539
4.61E-07,1.99E-05,GO:0006887,b,3,exocytosis,87; 351; 960; 1471; 1509; 1522; 2316; 2335; 2934; 3074; 3146; 3304; 3959; 4627; 5660; 5768; 7414; 8407; 8826; 9948; 10487; 1508; 7094,HMGB1; QSOX1; VCL; HSPA1B; IQGAP1; GSN; MYH9; CAP1; TLN1; CST3; TAGLN2; WDR1; CD44; CTSB; CTSD; LGALS3BP; CTSZ; ACTN1; FN1; APP; HEXB; PSAP; FLNA,901,119,23,0.025527192,0.193277311
7.36E-07,2.65E-05,GO:0030154,b,3,cell differentiation,60; 87; 214; 351; 871; 1291; 1303; 1808; 2316; 2317; 2335; 2934; 3074; 3146; 3304; 3371; 3956; 4478; 4627; 4921; 5652; 5660; 5684; 5720; 7414; 7431; 8407; 8468; 8826; 8985; 9902; 9948; 23603; 10631; 1508; 375790; 3339,HMGB1; HSPG2; AGRN; MSN; FKBP6; PRSS8; IQGAP1; GSN; MRC2; ALCAM; MYH9; CORO1C; PSMA3; TAGLN2; CTSB; DPYSL2; WDR1; POSTN; VCL; PSME1; SERPINH1; TNC; LGALS1; FLNB; ACTN1; FN1; HSPA1B; DDR2; APP; HEXB; PSAP; VIM; PLOD3; COL6A1; FLNA; ACTB; COL12A1,4189,275,37,0.008832657,0.134545455
9.21E-07,3.50E-05,GO:0003779,m,4,actin binding,87; 2316; 2317; 2934; 3927; 4478; 4627; 5216; 5339; 7094; 7169; 7414; 8826; 9124; 9948; 10487; 23603,CAP1; ACTN1; PDLIM1; WDR1; PFN1; MYH9; VCL; TPM2; TLN1; CORO1C; MSN; PLEC; LASP1; FLNA; FLNB; IQGAP1; GSN,444,71,17,0.038288288,0.23943662
1.79E-06,0.00022386,GO:0030199,b,4,collagen fibril organization,871; 1303; 4921; 8985; 11117; 60681,FKBP10; EMILIN1; DDR2; PLOD3; SERPINH1; COL12A1,53,8,6,0.113207547,0.75
2.63E-06,0.000780446,GO:0070527,b,5,platelet aggregation,60; 87; 2316; 2335; 4627; 7094; 7414,ACTN1; FN1; MYH9; VCL; TLN1; FLNA; ACTB,63,12,7,0.111111111,0.583333333
2.86E-06,0.000268464,GO:0042060,b,4,wound healing,60; 87; 960; 2316; 2335; 2934; 3146; 3371; 4627; 5339; 7094; 7414; 10631; 60681,ACTN1; FKBP10; FN1; CD44; HMGB1; MYH9; VCL; TLN1; POSTN; PLEC; TNC; FLNA; ACTB; GSN,576,53,14,0.024305556,0.264150943
3.88E-06,0.000120357,GO:0015629,c,5,actin cytoskeleton,60; 87; 2316; 2317; 2934; 3927; 4627; 4637; 4921; 7169; 7414; 103910; 8826; 9124; 9948; 10487; 23603,PDLIM1; ACTN1; MYL12B; WDR1; CAP1; DDR2; MYH9; VCL; TPM2; IQGAP1; MYL6; CORO1C; LASP1; FLNA; ACTB; FLNB; GSN,513,78,17,0.033138402,0.217948718
3.92E-06,0.000294428,GO:0034109,b,4,homotypic cell-cell adhesion,60; 87; 2316; 2335; 3956; 4627; 7094; 7414,ACTN1; FN1; MYH9; VCL; TLN1; FLNA; ACTB; LGALS1,86,17,8,0.093023256,0.470588235
5.00E-06,0.000154366,GO:0009611,b,3,response to wounding,60; 87; 960; 2316; 2335; 2934; 3146; 3371; 3956; 4627; 5339; 7414; 10631; 7094; 60681,ACTN1; FKBP10; FN1; CD44; HMGB1; MYH9; VCL; TLN1; POSTN; PLEC; TNC; FLNA; ACTB; LGALS1; GSN,687,63,15,0.021834061,0.238095238
8.77E-06,0.000135921,GO:0034774,c,5,secretory granule lumen,87; 351; 1509; 1522; 2335; 2934; 3074; 3146; 3959; 5768; 7414; 10487,ACTN1; QSOX1; FN1; VCL; APP; HEXB; CTSD; CAP1; LGALS3BP; CTSZ; HMGB1; GSN,323,43,12,0.037151703,0.279069767
9.79E-06,0.000264356,GO:0097435,b,3,supramolecular fiber organization,87; 351; 871; 1303; 1471; 2280; 2316; 2934; 3304; 4921; 5216; 7169; 7431; 8985; 9124; 9948; 23603; 11117; 60681,FKBP10; ACTN1; PDLIM1; WDR1; PFN1; DDR2; PLOD3; APP; TPM2; VIM; CORO1C; HSPA1B; EMILIN1; FKBP1A; CST3; SERPINH1; FLNA; COL12A1; GSN,709,101,19,0.026798307,0.188118812
1.17E-05,0.000736264,GO:0000902,b,4,cell morphogenesis,60; 87; 214; 351; 960; 1808; 2316; 2335; 3074; 4478; 4627; 7414; 8826; 8985; 9948; 10487; 23603; 10631,PLOD3; ACTN1; MYH9; DPYSL2; WDR1; FN1; CORO1C; ALCAM; APP; HEXB; VCL; CAP1; POSTN; MSN; CD44; FLNA; ACTB; IQGAP1,1008,93,18,0.017857143,0.193548387
1.48E-05,0.000137803,GO:0031983,c,3,vesicle lumen,87; 351; 1509; 1522; 2335; 2934; 3074; 3146; 3959; 5768; 7414; 10487,ACTN1; QSOX1; FN1; VCL; APP; HEXB; CTSD; CAP1; LGALS3BP; CTSZ; HMGB1; GSN,341,45,12,0.035190616,0.266666667
1.48E-05,0.000236234,GO:0060205,c,4,cytoplasmic vesicle lumen,87; 351; 1509; 1522; 2335; 2934; 3074; 3146; 3959; 5768; 7414; 10487,ACTN1; QSOX1; FN1; VCL; APP; HEXB; CTSD; CAP1; LGALS3BP; CTSZ; HMGB1; GSN,340,45,12,0.035294118,0.266666667
1.62E-05,0.00047683,GO:0050839,m,3,cell adhesion molecule binding,87; 2316; 2317; 2335; 3146; 3304; 3927; 4478; 4627; 5216; 5339; 7414; 8407; 8826; 9124; 10631; 11117; 7094,ACTN1; TLN1; PDLIM1; FN1; MSN; POSTN; HMGB1; MYH9; VCL; IQGAP1; HSPA1B; PLEC; EMILIN1; LASP1; FLNA; FLNB; PFN1; TAGLN2,516,95,18,0.034883721,0.189473684
1.72E-05,0.000408857,GO:0060560,b,3,developmental growth involved in morphogenesis,214; 351; 1808; 2335; 3371; 7414; 8826; 10631,DPYSL2; FN1; ALCAM; APP; VCL; POSTN; TNC; IQGAP1,225,20,8,0.035555556,0.4
1.89E-05,0.000408857,GO:0048729,b,3,tissue morphogenesis,60; 960; 2280; 2316; 3371; 4478; 5216; 5684; 5720; 7414; 8985; 9948,PLOD3; WDR1; PFN1; CD44; VCL; PSMA3; PSME1; MSN; TNC; FKBP1A; FLNA; ACTB,629,46,12,0.019077901,0.260869565
1.92E-05,0.000921082,GO:0060429,b,4,epithelium development,60; 960; 2316; 3371; 4478; 5216; 5652; 5660; 5684; 5720; 7414; 7431; 8407; 8826; 8985; 9948; 1508,PLOD3; WDR1; PFN1; IQGAP1; CD44; CTSB; PSAP; PSMA3; PSME1; MSN; TAGLN2; TNC; PRSS8; FLNA; ACTB; VIM; VCL,1269,87,17,0.013396375,0.195402299
1.96E-05,0.000921082,GO:0002009,b,4,morphogenesis of an epithelium,60; 960; 2316; 3371; 4478; 5216; 5684; 5720; 7414; 8985; 9948,WDR1; PFN1; CD44; VCL; PSMA3; PSME1; MSN; TNC; PLOD3; FLNA; ACTB,533,39,11,0.020637899,0.282051282
2.45E-05,0.003644798,GO:0002446,b,5,neutrophil mediated immunity,960; 1471; 1508; 1509; 1522; 2934; 3074; 3146; 3304; 5660; 5768; 7414; 8826; 9948; 10487,QSOX1; WDR1; CD44; CTSB; HEXB; CTSD; CAP1; IQGAP1; VCL; HSPA1B; CTSZ; PSAP; CST3; HMGB1; GSN,504,71,15,0.029761905,0.211267606
2.64E-05,0.000337522,GO:1904813,c,4,ficolin-1-rich granule lumen,1471; 1509; 1522; 2934; 3146; 3304; 7414; 1508,VCL; HMGB1; CTSD; HSPA1B; CTSZ; CST3; CTSB; GSN,125,21,8,0.064,0.380952381
2.97E-05,0.000556931,GO:0032989,b,3,cellular component morphogenesis,60; 87; 214; 351; 960; 1808; 2316; 2335; 3074; 4478; 4627; 7414; 8826; 8985; 9948; 10487; 23603; 10631,PLOD3; ACTN1; MYH9; DPYSL2; WDR1; FN1; CORO1C; ALCAM; APP; HEXB; VCL; CAP1; POSTN; MSN; CD44; FLNA; ACTB; IQGAP1,1103,99,18,0.01631913,0.181818182
3.09E-05,0.000556931,GO:0002263,b,3,cell activation involved in immune response,351; 960; 1471; 1509; 1522; 2934; 3074; 3146; 3304; 3956; 5660; 5768; 7414; 8826; 10487; 1508,QSOX1; CD44; APP; HEXB; CTSD; CAP1; IQGAP1; VCL; HSPA1B; CTSZ; CTSB; PSAP; CST3; LGALS1; HMGB1; GSN,727,81,16,0.022008253,0.197530864
3.65E-05,0.000377034,GO:0099503,c,5,secretory vesicle,87; 351; 960; 1471; 1508; 1509; 1522; 2335; 2934; 3073; 3074; 3146; 3304; 3959; 5660; 5768; 7414; 8826; 10487,ACTN1; QSOX1; FN1; HEXA; CD44; CTSB; HEXB; CTSD; CAP1; IQGAP1; LGALS3BP; HSPA1B; CTSZ; PSAP; CST3; VCL; APP; HMGB1; GSN,1015,110,19,0.018719212,0.172727273
4.22E-05,0.001764638,GO:0046903,b,4,secretion,87; 351; 960; 1471; 1509; 1522; 2316; 2335; 2934; 3074; 3146; 3304; 3959; 4627; 5660; 5768; 7094; 7414; 8407; 8826; 9948; 10487; 1508,HMGB1; QSOX1; VCL; HSPA1B; IQGAP1; GSN; MYH9; CAP1; TLN1; CST3; TAGLN2; WDR1; CD44; CTSB; CTSD; LGALS3BP; CTSZ; ACTN1; FN1; APP; HEXB; PSAP; FLNA,1469,152,23,0.015656909,0.151315789
4.75E-05,0.004704376,GO:0006026,b,5,aminoglycan catabolic process,633; 960; 3073; 3074; 3339; 375790,HSPG2; HEXA; CD44; HEXB; BGN; AGRN,68,12,6,0.088235294,0.5
4.92E-05,0.000817552,GO:0030168,b,3,platelet activation,60; 87; 2316; 2335; 4627; 7414; 7094,ACTN1; FN1; MYH9; VCL; TLN1; FLNA; ACTB,158,17,7,0.044303797,0.411764706
5.28E-05,0.000409244,GO:0030016,c,5,myofibril,87; 2280; 2316; 2317; 5339; 7169; 7414; 9124; 23603,ACTN1; PDLIM1; VCL; TPM2; CORO1C; PLEC; FKBP1A; FLNA; FLNB,226,29,9,0.039823009,0.310344828
5.84E-05,0.002197706,GO:0002444,b,4,myeloid leukocyte mediated immunity,960; 1471; 1509; 1522; 2934; 3074; 3146; 3304; 5660; 5768; 7414; 8826; 9948; 10487; 1508,QSOX1; WDR1; CD44; HMGB1; HEXB; CTSD; CAP1; IQGAP1; HSPA1B; CTSZ; CTSB; PSAP; CST3; VCL; GSN,556,76,15,0.026978417,0.197368421
7.14E-05,0.000762055,GO:0043292,c,4,contractile fiber,87; 2280; 2316; 2317; 5339; 7169; 7414; 9124; 23603,ACTN1; PDLIM1; VCL; TPM2; CORO1C; PLEC; FKBP1A; FLNA; FLNB,233,30,9,0.038626609,0.3
7.53E-05,0.002453913,GO:0022603,b,4,regulation of anatomical structure morphogenesis,960; 1471; 1808; 2316; 2335; 3074; 3146; 3339; 4478; 4627; 5216; 5684; 5720; 9948; 23603; 10631; 11117,HSPG2; DPYSL2; WDR1; FN1; PFN1; CD44; HMGB1; HEXB; PSMA3; PSME1; CORO1C; MSN; POSTN; EMILIN1; CST3; FLNA; MYH9,1061,96,17,0.01602262,0.177083333
7.83E-05,0.002453913,GO:0043312,b,4,neutrophil degranulation,960; 1471; 1509; 1522; 2934; 3074; 3146; 3304; 5660; 5768; 7414; 8826; 10487; 1508,QSOX1; CD44; HMGB1; HEXB; CTSD; CAP1; IQGAP1; HSPA1B; CTSZ; CTSB; PSAP; CST3; VCL; GSN,490,69,14,0.028571429,0.202898551
9.28E-05,0.002539788,GO:0036230,b,4,granulocyte activation,960; 1471; 1509; 1522; 2934; 3074; 3146; 3304; 5660; 5768; 7414; 8826; 10487; 1508,QSOX1; CD44; HMGB1; HEXB; CTSD; CAP1; IQGAP1; HSPA1B; CTSZ; CTSB; PSAP; CST3; VCL; GSN,509,70,14,0.027504912,0.2
9.46E-05,0.002539788,GO:0002366,b,4,leukocyte activation involved in immune response,960; 1471; 1509; 1522; 2934; 3074; 3146; 3304; 3956; 5660; 5768; 7414; 8826; 10487; 1508,QSOX1; CD44; HMGB1; HEXB; CTSD; CAP1; IQGAP1; HSPA1B; CTSZ; CTSB; PSAP; CST3; LGALS1; VCL; GSN,723,79,15,0.020746888,0.189873418
9.53E-05,0.000871665,GO:0005775,c,4,vacuolar lumen,633; 1509; 3073; 3074; 3339; 5660; 10487; 1508; 375790,HSPG2; HEXA; CTSD; CTSB; HEXB; PSAP; CAP1; BGN; AGRN,173,31,9,0.052023121,0.290322581
9.77E-05,0.001450725,GO:0050793,b,3,regulation of developmental process,351; 960; 1471; 1808; 2316; 2335; 3074; 3146; 3304; 3956; 4478; 4627; 4921; 5216; 5684; 5720; 7414; 7431; 8826; 9948; 23603; 10631; 11117; 375790; 3339,HSPA1B; HMGB1; HSPG2; AGRN; MSN; IQGAP1; MYH9; PSMA3; CST3; DPYSL2; WDR1; CD44; VCL; PSME1; POSTN; LGALS1; EMILIN1; FN1; CORO1C; DDR2; APP; HEXB; VIM; PFN1; FLNA,2592,182,25,0.009645062,0.137362637
0.000100745,0.001450725,GO:0048468,b,3,cell development,60; 87; 214; 351; 871; 1808; 2316; 2335; 2934; 3074; 3146; 3371; 3956; 4478; 4627; 7414; 7431; 8826; 8985; 9948; 23603; 10631; 375790,HMGB1; AGRN; CORO1C; IQGAP1; GSN; ALCAM; MYH9; DPYSL2; WDR1; VCL; POSTN; TNC; LGALS1; SERPINH1; ACTN1; FN1; MSN; APP; HEXB; VIM; PLOD3; FLNA; ACTB,2114,160,23,0.010879849,0.14375
0.000120967,0.002379025,GO:0051015,m,3,actin filament binding,87; 2316; 2934; 3927; 4627; 7169; 8826; 9948; 23603; 7094,ACTN1; WDR1; MYH9; TPM2; TLN1; CORO1C; LASP1; FLNA; IQGAP1; GSN,212,39,10,0.047169811,0.256410256
0.000128397,0.003218494,GO:0002274,b,4,myeloid leukocyte activation,351; 960; 1471; 1509; 1522; 2934; 3074; 3146; 3304; 5660; 5768; 7414; 8826; 10487; 1508,QSOX1; CD44; APP; HEXB; CTSD; CAP1; IQGAP1; VCL; HSPA1B; CTSZ; CTSB; PSAP; CST3; HMGB1; GSN,658,81,15,0.022796353,0.185185185
0.000138685,0.010297337,GO:0001738,b,5,morphogenesis of a polarized epithelium,60; 4478; 5216; 5684; 5720; 9948,WDR1; PSMA3; PSME1; MSN; ACTB; PFN1,147,14,6,0.040816327,0.428571429
0.000154257,0.000956394,GO:0043202,c,5,lysosomal lumen,633; 1508; 1509; 3073; 3074; 3339; 5660; 375790,HSPG2; HEXA; PSAP; CTSB; HEXB; CTSD; BGN; AGRN,96,26,8,0.083333333,0.307692308
0.000176694,0.002385372,GO:0043299,b,3,leukocyte degranulation,960; 1471; 1509; 1522; 2934; 3074; 3146; 3304; 5660; 5768; 7414; 8826; 10487; 1508,QSOX1; CD44; HMGB1; HEXB; CTSD; CAP1; IQGAP1; HSPA1B; CTSZ; CTSB; PSAP; CST3; VCL; GSN,541,74,14,0.025878004,0.189189189
0.000191783,0.004506897,GO:0016477,b,4,cell migration,351; 960; 2316; 2335; 3074; 3146; 4478; 4627; 4921; 5216; 7414; 8826; 9124; 9948; 10487; 23603; 10631; 11117,MYH9; POSTN; PDLIM1; FN1; PFN1; DDR2; CD44; APP; HEXB; VCL; CAP1; IQGAP1; CORO1C; MSN; EMILIN1; FLNA; WDR1; HMGB1,1521,113,18,0.01183432,0.159292035
0.000203852,0.002590121,GO:0098609,b,3,cell-cell adhesion,60; 87; 214; 960; 2316; 2335; 3146; 3956; 4478; 4627; 7414; 9124; 7094,ACTN1; PDLIM1; FN1; ALCAM; HMGB1; MYH9; VCL; TLN1; MSN; CD44; FLNA; ACTB; LGALS1,871,66,13,0.014925373,0.196969697
0.000203852,0.012108818,GO:0000904,b,5,cell morphogenesis involved in differentiation,60; 87; 214; 351; 1808; 2316; 2335; 4627; 7414; 8985; 9948; 23603; 10631,ACTN1; DPYSL2; WDR1; FN1; POSTN; ALCAM; APP; MYH9; VCL; CORO1C; PLOD3; FLNA; ACTB,724,66,13,0.017955801,0.196969697
0.000209011,0.004622824,GO:0120036,b,4,plasma membrane bounded cell projection organization,60; 214; 351; 960; 1808; 2316; 2335; 2934; 3146; 3371; 3956; 4627; 5216; 7414; 7431; 8826; 23603; 10631; 375790,AGRN; DPYSL2; FN1; CORO1C; IQGAP1; ALCAM; APP; MYH9; VCL; VIM; POSTN; PFN1; TNC; CD44; FLNA; ACTB; LGALS1; HMGB1; GSN,1556,124,19,0.012210797,0.153225806
0.000232653,0.001861226,GO:0005856,c,4,cytoskeleton,60; 87; 351; 1808; 2316; 2317; 2934; 3304; 3927; 4478; 4627; 4637; 4921; 5216; 5339; 7094; 7169; 7414; 7431; 103910; 8826; 9124; 9948; 10487; 23603; 4869,CAP1; MYL6; MSN; IQGAP1; GSN; MYH9; TPM2; TLN1; CORO1C; DPYSL2; PDLIM1; WDR1; VCL; PLEC; LASP1; NPM1; FLNB; ACTN1; MYL12B; HSPA1B; DDR2; APP; VIM; PFN1; FLNA; ACTB,2323,203,26,0.011192424,0.128078818
0.000233927,0.002789206,GO:0030030,b,3,cell projection organization,60; 214; 351; 960; 1808; 2316; 2335; 2934; 3146; 3371; 3956; 4627; 5216; 7414; 7431; 8826; 23603; 10631; 375790,AGRN; DPYSL2; FN1; CORO1C; IQGAP1; ALCAM; APP; MYH9; VCL; VIM; POSTN; PFN1; TNC; CD44; FLNA; ACTB; LGALS1; HMGB1; GSN,1594,125,19,0.011919699,0.152
0.000233927,0.003347885,GO:0008092,m,3,cytoskeletal protein binding,60; 87; 1808; 2316; 2317; 2934; 3927; 4478; 4627; 5216; 5339; 7169; 7414; 8826; 9124; 9948; 10487; 23603; 7094,CAP1; ACTN1; DPYSL2; PDLIM1; WDR1; PFN1; MYH9; VCL; TPM2; IQGAP1; CORO1C; MSN; PLEC; LASP1; FLNA; ACTB; TLN1; FLNB; GSN,989,125,19,0.019211325,0.152
0.00023783,0.004733357,GO:0034329,b,4,cell junction assembly,60; 87; 2316; 2335; 5339; 7094; 7414; 8826; 9948; 23603,ACTN1; WDR1; FN1; VCL; TLN1; CORO1C; PLEC; FLNA; ACTB; IQGAP1,257,42,10,0.038910506,0.238095238
0.000239186,0.004733357,GO:0002275,b,4,myeloid cell activation involved in immune response,960; 1471; 1509; 1522; 2934; 3074; 3146; 3304; 5660; 5768; 7414; 8826; 10487; 1508,QSOX1; CD44; HMGB1; HEXB; CTSD; CAP1; IQGAP1; HSPA1B; CTSZ; CTSB; PSAP; CST3; VCL; GSN,554,76,14,0.025270758,0.184210526
0.000240613,0.001243167,GO:0005938,c,5,cell cortex,1522; 2316; 2317; 2934; 3927; 4627; 5216; 103910; 9948; 10487; 23603,MYL12B; WDR1; CORO1C; MYH9; CAP1; PFN1; CTSZ; LASP1; FLNA; FLNB; GSN,304,50,11,0.036184211,0.22
0.000245347,0.002789206,GO:0030574,b,3,collagen catabolic process,1471; 1509; 9902; 1508,CST3; MRC2; CTSD; CTSB,47,6,4,0.085106383,0.666666667
0.000262946,0.002839818,GO:0002443,b,3,leukocyte mediated immunity,960; 1471; 1509; 1522; 2934; 3074; 3146; 3304; 5660; 5768; 7414; 8826; 9948; 10487; 1508,QSOX1; WDR1; CD44; HMGB1; HEXB; CTSD; CAP1; IQGAP1; HSPA1B; CTSZ; CTSB; PSAP; CST3; VCL; GSN,905,86,15,0.016574586,0.174418605
0.000283719,0.003347885,GO:0005527,m,3,macrolide binding,2280; 8468; 60681,FKBP6; FKBP10; FKBP1A,10,3,3,0.3,1
0.000283719,0.005390662,GO:0005528,m,4,FK506 binding,2280; 8468; 60681,FKBP6; FKBP10; FKBP1A,10,3,3,0.3,1
0.000306037,0.005497035,GO:0051336,b,4,regulation of hydrolase activity,351; 871; 960; 1471; 1509; 2280; 2335; 2934; 3146; 3304; 5216; 5684; 5720; 7169; 8826; 23603; 375790; 4869,AGRN; TPM2; FN1; PFN1; IQGAP1; CD44; APP; CTSD; PSMA3; PSME1; CORO1C; HSPA1B; FKBP1A; CST3; SERPINH1; NPM1; HMGB1; GSN,1295,117,18,0.013899614,0.153846154
0.000307015,0.005497035,GO:0007010,b,4,cytoskeleton organization,60; 87; 1808; 2316; 2317; 2934; 3304; 4478; 4627; 5216; 5339; 7094; 7169; 7431; 8826; 9124; 9948; 10487; 23603; 375790; 4869,CAP1; ACTN1; DPYSL2; PDLIM1; WDR1; MSN; IQGAP1; MYH9; TPM2; VIM; TLN1; CORO1C; HSPA1B; AGRN; PLEC; FLNA; ACTB; PFN1; NPM1; FLNB; GSN,1405,149,21,0.014946619,0.140939597
0.000329096,0.003384992,GO:0048588,b,3,developmental cell growth,214; 351; 1808; 2335; 7414; 8826; 10631,DPYSL2; FN1; ALCAM; APP; VCL; POSTN; IQGAP1,215,22,7,0.03255814,0.318181818
0.000329096,0.002632772,GO:0030017,c,3,sarcomere,87; 2280; 2316; 2317; 7169; 9124; 23603,ACTN1; PDLIM1; TPM2; CORO1C; FKBP1A; FLNA; FLNB,205,22,7,0.034146341,0.318181818
0.000329096,0.016290274,GO:0007044,b,5,cell-substrate junction assembly,87; 2335; 5339; 7094; 7414; 8826; 23603,ACTN1; FN1; VCL; TLN1; CORO1C; PLEC; IQGAP1,100,22,7,0.07,0.318181818
0.000332137,0.005676529,GO:1990138,b,4,neuron projection extension,214; 1808; 2335; 7414; 8826; 10631,DPYSL2; FN1; ALCAM; VCL; POSTN; IQGAP1,165,16,6,0.036363636,0.375
0.00043795,0.004299874,GO:0031589,b,3,cell-substrate adhesion,87; 960; 2316; 2335; 3956; 7414; 8826; 23603; 10631; 11117,ACTN1; EMILIN1; FN1; POSTN; CD44; VCL; CORO1C; FLNA; LGALS1; IQGAP1,354,45,10,0.028248588,0.222222222
0.000486464,0.007952634,GO:0006022,b,4,aminoglycan metabolic process,633; 960; 3073; 3074; 3339; 375790,HSPG2; HEXA; CD44; HEXB; BGN; AGRN,172,17,6,0.034883721,0.352941176
0.000486464,0.020639985,GO:0030203,b,5,glycosaminoglycan metabolic process,633; 960; 3073; 3074; 3339; 375790,HSPG2; HEXA; CD44; HEXB; BGN; AGRN,158,17,6,0.037974684,0.352941176
0.000527235,0.00495142,GO:0050790,b,3,regulation of catalytic activity,60; 351; 871; 960; 1471; 1509; 2280; 2335; 2934; 3146; 3181; 3304; 4869; 4921; 5216; 5660; 5684; 5720; 7169; 8826; 10487; 23603; 1508; 375790,HMGB1; CAP1; AGRN; HSPA1B; IQGAP1; GSN; TPM2; PSMA3; HNRNPA2B1; CST3; CD44; CTSB; CTSD; PSME1; NPM1; ACTB; FN1; CORO1C; DDR2; APP; PSAP; PFN1; FKBP1A; SERPINH1,2487,189,24,0.009650181,0.126984127
0.000623309,0.009568221,GO:0071310,b,4,cellular response to organic substance,60; 351; 960; 1291; 2335; 2934; 3146; 3181; 3304; 3371; 3956; 4478; 5684; 5720; 7094; 7431; 8826; 8985; 9446; 10631; 11117; 1508; 375790; 4869,HMGB1; AGRN; MSN; IQGAP1; GSN; PLOD3; TLN1; PSMA3; HNRNPA2B1; CD44; CTSB; PSME1; POSTN; TNC; LGALS1; NPM1; GSTO1; FN1; EMILIN1; HSPA1B; APP; VIM; COL6A1; ACTB,2602,191,24,0.009223674,0.12565445
0.000624691,0.010442333,GO:0003725,m,5,double-stranded RNA binding,87; 1973; 3146; 4478; 7431,MSN; ACTN1; EIF4A1; HMGB1; VIM,77,12,5,0.064935065,0.416666667
0.000636185,0.009568221,GO:0044267,b,4,cellular protein metabolic process,16; 60; 351; 633; 813; 871; 960; 1471; 1509; 1522; 1973; 2280; 2316; 2335; 2934; 3074; 3146; 3304; 3339; 3371; 3956; 4478; 4627; 4921; 5351; 5684; 5720; 5768; 5954; 7431; 8468; 8826; 8985; 23603; 11117; 1508; 60681; 4869,PLOD1; FKBP10; HMGB1; HSPG2; BGN; MSN; FKBP6; IQGAP1; GSN; PLOD3; MYH9; CORO1C; PSMA3; CST3; QSOX1; RCN1; CD44; CTSB; CTSD; PSME1; CTSZ; TNC; AARS1; LGALS1; NPM1; ACTB; EMILIN1; FN1; HSPA1B; DDR2; APP; HEXB; CALU; VIM; FKBP1A; FLNA; SERPINH1; EIF4A1,5282,372,38,0.007194245,0.102150538
0.000701203,0.006310828,GO:0030155,b,3,regulation of cell adhesion,960; 2316; 2335; 2934; 3146; 3371; 3956; 7414; 8826; 23603; 10631; 11117,EMILIN1; FN1; POSTN; CD44; HMGB1; VCL; CORO1C; TNC; FLNA; LGALS1; IQGAP1; GSN,713,65,12,0.016830295,0.184615385
0.000769828,0.010981407,GO:0016192,b,4,vesicle-mediated transport,60; 87; 351; 960; 1471; 1509; 1522; 1808; 2316; 2335; 2934; 3074; 3146; 3304; 3339; 3959; 4478; 4627; 5660; 5768; 7094; 7414; 8407; 8826; 9902; 9948; 10487; 23603; 1508,HMGB1; HSPG2; VCL; MSN; IQGAP1; GSN; MRC2; MYH9; CAP1; TLN1; CORO1C; CST3; TAGLN2; QSOX1; DPYSL2; WDR1; CD44; CTSB; CTSD; LGALS3BP; CTSZ; ACTN1; FN1; HSPA1B; APP; HEXB; PSAP; FLNA; ACTB,2167,255,29,0.013382557,0.11372549
0.000788558,0.010981407,GO:1901136,b,4,carbohydrate derivative catabolic process,633; 960; 1471; 3073; 3074; 3339; 375790,HSPG2; HEXA; CD44; HEXB; BGN; AGRN; CST3,201,25,7,0.034825871,0.28
0.000899253,0.007769549,GO:0019538,b,3,protein metabolic process,16; 60; 351; 633; 813; 871; 960; 1471; 1509; 1522; 1973; 2280; 2316; 2335; 2934; 3073; 3074; 3146; 3304; 3371; 3956; 4478; 4627; 4869; 4921; 5351; 5652; 5684; 5720; 5768; 5954; 7431; 8468; 8826; 8985; 23603; 11117; 1508; 3339; 60681,PLOD1; FKBP10; HMGB1; QSOX1; BGN; MSN; FKBP6; PRSS8; IQGAP1; GSN; PLOD3; MYH9; CORO1C; PSMA3; CST3; HSPG2; RCN1; CD44; CTSB; CTSD; PSME1; CTSZ; TNC; AARS1; LGALS1; NPM1; ACTB; EMILIN1; FN1; HSPA1B; HEXA; APP; HEXB; CALU; VIM; DDR2; FKBP1A; FLNA; SERPINH1; EIF4A1,5979,406,40,0.006690082,0.098522167
0.000936965,0.012319266,GO:0010810,b,4,regulation of cell-substrate adhesion,2316; 2335; 3956; 7414; 8826; 23603; 10631; 11117,EMILIN1; FN1; POSTN; VCL; CORO1C; FLNA; LGALS1; IQGAP1,212,33,8,0.037735849,0.242424242
0.000949303,0.010442333,GO:0005509,m,5,calcium ion binding,87; 813; 2934; 3339; 4637; 5954; 7086; 103910; 8826; 375790; 60681,AGRN; ACTN1; MYL12B; RCN1; HSPG2; CALU; MYL6; TKT; FKBP10; IQGAP1; GSN,718,58,11,0.015320334,0.189655172
0.000950156,0.012319266,GO:0022008,b,4,neurogenesis,60; 214; 351; 1808; 2316; 2335; 2934; 3074; 3146; 3371; 3956; 7414; 7431; 8826; 9948; 10631; 375790,DPYSL2; WDR1; FN1; IQGAP1; ALCAM; APP; HEXB; VCL; VIM; AGRN; POSTN; TNC; FLNA; ACTB; LGALS1; HMGB1; GSN,1603,117,17,0.010605115,0.145299145
0.000957949,0.012134023,GO:0005178,m,4,integrin binding,87; 2335; 3146; 4627; 7094; 11117,ACTN1; FN1; EMILIN1; HMGB1; MYH9; TLN1,142,19,6,0.042253521,0.315789474
0.001032782,0.007344231,GO:0005796,c,4,Golgi lumen,351; 633; 3339; 375790,AGRN; APP; HSPG2; BGN,103,8,4,0.038834951,0.5
0.001032782,0.035655204,GO:0006023,b,5,aminoglycan biosynthetic process,633; 3073; 3339; 375790,HEXA; AGRN; HSPG2; BGN,114,8,4,0.035087719,0.5
0.001065807,0.013104943,GO:0051128,b,4,regulation of cellular component organization,351; 960; 1471; 1808; 2316; 2335; 2934; 3074; 3146; 3181; 3304; 3956; 4478; 4627; 4921; 5216; 7414; 7431; 8826; 9948; 23603; 10631; 10971; 11117; 375790; 4869,HSPA1B; YWHAQ; HMGB1; AGRN; MSN; IQGAP1; GSN; MYH9; HNRNPA2B1; CST3; DPYSL2; WDR1; CD44; VCL; POSTN; LGALS1; NPM1; EMILIN1; FN1; CORO1C; DDR2; APP; HEXB; VIM; PFN1; FLNA,2562,222,26,0.010148322,0.117117117
0.001073939,0.008334983,GO:0034330,b,3,cell junction organization,60; 87; 2316; 2335; 5339; 7414; 8826; 9948; 23603; 7094,ACTN1; WDR1; FN1; VCL; TLN1; CORO1C; PLEC; FLNA; ACTB; IQGAP1,315,50,10,0.031746032,0.2
0.001080461,0.008334983,GO:0030220,b,3,platelet formation,87; 4627; 9948,ACTN1; MYH9; WDR1,20,4,3,0.15,0.75
0.001080461,0.008334983,GO:0032964,b,3,collagen biosynthetic process,871; 7431; 11117,SERPINH1; EMILIN1; VIM,45,4,3,0.066666667,0.75
0.001080461,0.013104943,GO:0010712,b,4,regulation of collagen metabolic process,1471; 7431; 11117,CST3; EMILIN1; VIM,41,4,3,0.073170732,0.75
0.001080461,0.035655204,GO:0032069,b,5,regulation of nuclease activity,3146; 3304; 4869,HSPA1B; HMGB1; NPM1,23,4,3,0.130434783,0.75
0.001156502,0.008095514,GO:0044430,c,3,cytoskeletal part,60; 87; 351; 1808; 2316; 2934; 3304; 3927; 4627; 4637; 4869; 5339; 7169; 7414; 7431; 103910; 8826; 9124; 9948; 10487,PDLIM1; ACTN1; DPYSL2; MYL12B; WDR1; CAP1; APP; MYH9; VCL; TPM2; VIM; MYL6; HSPA1B; PLEC; LASP1; FLNA; ACTB; NPM1; IQGAP1; GSN,1777,152,20,0.011254924,0.131578947
0.001307373,0.009737676,GO:0007596,b,3,blood coagulation,60; 87; 2316; 2335; 4627; 7414; 7094,ACTN1; FN1; MYH9; VCL; TLN1; FLNA; ACTB,344,27,7,0.020348837,0.259259259
0.001307373,0.015361634,GO:0007599,b,4,hemostasis,60; 87; 2316; 2335; 4627; 7094; 7414,ACTN1; FN1; MYH9; VCL; TLN1; FLNA; ACTB,348,27,7,0.020114943,0.259259259
0.001424691,0.01623284,GO:0007160,b,4,cell-matrix adhesion,87; 960; 2335; 7414; 8826; 23603; 10631; 11117,ACTN1; EMILIN1; FN1; POSTN; CD44; VCL; CORO1C; IQGAP1,227,35,8,0.035242291,0.228571429
0.001478677,0.009200655,GO:0099512,c,3,supramolecular fiber,60; 87; 1291; 1808; 2280; 2316; 2317; 5339; 7169; 7414; 7431; 8826; 9124; 23603,ACTN1; DPYSL2; PDLIM1; IQGAP1; VCL; TPM2; VIM; CORO1C; PLEC; FKBP1A; COL6A1; FLNA; ACTB; FLNB,974,90,14,0.014373717,0.155555556
0.001480354,0.009474268,GO:0099568,c,4,cytoplasmic region,1522; 2316; 2317; 2934; 3927; 4627; 5216; 103910; 9948; 10487; 23603,MYL12B; WDR1; CORO1C; MYH9; CAP1; PFN1; CTSZ; LASP1; FLNA; FLNB; GSN,510,61,11,0.021568627,0.180327869
0.001608567,0.013080573,GO:0045296,m,4,cadherin binding,2316; 2317; 3304; 3927; 4627; 5216; 5339; 7094; 7414; 8407; 8826; 9124,PDLIM1; HSPA1B; IQGAP1; MYH9; VCL; TLN1; PFN1; PLEC; LASP1; FLNA; FLNB; TAGLN2,335,71,12,0.035820896,0.169014085
0.001651408,0.018262631,GO:0042110,b,4,T cell activation,960; 2280; 2934; 3146; 3956; 4478; 4627,CD44; HMGB1; MYH9; MSN; FKBP1A; LGALS1; GSN,472,28,7,0.014830508,0.25
0.001655462,0.01191933,GO:0030036,b,3,actin cytoskeleton organization,60; 87; 2316; 2317; 2934; 4627; 5216; 7169; 8826; 9124; 9948; 10487; 23603; 7094,CAP1; ACTN1; PDLIM1; WDR1; CORO1C; MYH9; TPM2; IQGAP1; PFN1; FLNA; ACTB; TLN1; FLNB; GSN,691,91,14,0.020260492,0.153846154
0.001721128,0.014883278,GO:0043177,m,3,organic acid binding,16; 960; 5351; 5660; 8985; 375790,PLOD3; PLOD1; PSAP; AGRN; CD44; AARS1,240,21,6,0.025,0.285714286
0.001721128,0.013080573,GO:0031406,m,4,carboxylic acid binding,16; 960; 5351; 5660; 8985; 375790,PLOD3; PLOD1; PSAP; AGRN; CD44; AARS1,228,21,6,0.026315789,0.285714286
0.001730993,0.051410477,GO:0022604,b,5,regulation of cell morphogenesis,960; 1808; 2316; 2335; 3074; 4478; 4627; 9948; 23603; 10631,MYH9; DPYSL2; WDR1; FN1; CORO1C; CD44; POSTN; HEXB; MSN; FLNA,484,53,10,0.020661157,0.188679245
0.001765813,0.014883278,GO:0043394,m,3,proteoglycan binding,2335; 3371; 1508; 375790,AGRN; CTSB; TNC; FN1,36,9,4,0.111111111,0.444444444
0.002011643,0.020273525,GO:0048858,b,4,cell projection morphogenesis,60; 214; 351; 960; 1808; 2335; 7414; 8826; 23603; 10631,DPYSL2; FN1; POSTN; ALCAM; APP; VCL; CORO1C; CD44; ACTB; IQGAP1,666,54,10,0.015015015,0.185185185
0.002011643,0.020273525,GO:0030855,b,4,epithelial cell differentiation,2316; 4478; 5652; 5660; 7414; 7431; 8407; 8826; 8985; 1508,PLOD3; VCL; CTSB; PSAP; VIM; MSN; FLNA; PRSS8; TAGLN2; IQGAP1,770,54,10,0.012987013,0.185185185
0.002052196,0.020273525,GO:2000026,b,4,regulation of multicellular organismal development,351; 1808; 2316; 2335; 3146; 3304; 3339; 3956; 4921; 5216; 5684; 5720; 7414; 7431; 8826; 9948; 11117; 375790,IQGAP1; DPYSL2; WDR1; FN1; PFN1; DDR2; APP; HSPG2; VCL; PSMA3; PSME1; AGRN; HSPA1B; EMILIN1; FLNA; LGALS1; VIM; HMGB1,2053,136,18,0.008767657,0.132352941
0.00224314,0.009933905,GO:0005884,c,5,actin filament,60; 87; 2316; 7169; 8826; 9124,ACTN1; PDLIM1; TPM2; FLNA; ACTB; IQGAP1,114,22,6,0.052631579,0.272727273
0.00229576,0.020273525,GO:0048666,b,4,neuron development,60; 214; 351; 1808; 2316; 2335; 3146; 3371; 3956; 7414; 7431; 8826; 10631; 375790,DPYSL2; FN1; IQGAP1; ALCAM; APP; VCL; VIM; AGRN; POSTN; TNC; FLNA; ACTB; LGALS1; HMGB1,1107,94,14,0.012646793,0.14893617
0.002353812,0.020273525,GO:0034097,b,4,response to cytokine,351; 960; 2335; 2934; 3146; 3181; 3304; 4478; 5684; 5720; 7431; 9446; 10631,GSTO1; POSTN; FN1; MSN; CD44; APP; PSMA3; PSME1; HSPA1B; HNRNPA2B1; VIM; HMGB1; GSN,1165,84,13,0.011158798,0.154761905
0.002353812,0.056003103,GO:0051129,b,5,negative regulation of cellular component organization,351; 1471; 2316; 2934; 3146; 3304; 3956; 5216; 7431; 23603; 10631; 11117; 4869,EMILIN1; POSTN; PFN1; APP; VIM; CORO1C; HSPA1B; FLNA; CST3; LGALS1; NPM1; HMGB1; GSN,760,84,13,0.017105263,0.154761905
0.002453159,0.018092051,GO:0042802,m,3,identical protein binding,60; 87; 214; 351; 1471; 1808; 2316; 2317; 2335; 3074; 3956; 4627; 4869; 5660; 7086; 7169; 7431; 8468; 10971; 11117,ACTN1; MYH9; DPYSL2; EMILIN1; FN1; ALCAM; APP; HEXB; NPM1; TPM2; YWHAQ; VIM; FKBP6; TKT; PSAP; FLNA; CST3; ACTB; LGALS1; FLNB,1948,161,20,0.01026694,0.124223602
0.002514956,0.020273525,GO:0001667,b,4,ameboidal-type cell migration,2335; 3146; 4627; 4921; 5216; 9124; 10487; 23603,PDLIM1; FN1; CORO1C; DDR2; HMGB1; MYH9; CAP1; PFN1,411,38,8,0.01946472,0.210526316
0.002514956,0.014632471,GO:0044448,c,4,cell cortex part,1522; 2316; 2934; 3927; 4627; 103910; 9948; 10487,MYL12B; WDR1; MYH9; CAP1; CTSZ; LASP1; FLNA; GSN,173,38,8,0.046242775,0.210526316
0.002548239,0.017755473,GO:0009887,b,3,animal organ morphogenesis,871; 2280; 2316; 3371; 4478; 5216; 5684; 5720; 8985; 375790; 3339,PFN1; PLOD3; HSPG2; PSMA3; PSME1; AGRN; MSN; TNC; FKBP1A; FLNA; SERPINH1,1023,65,11,0.010752688,0.169230769
0.002571973,0.020273525,GO:0035987,b,4,endodermal cell differentiation,1291; 1303; 2335,COL6A1; FN1; COL12A1,44,5,3,0.068181818,0.6
0.002571973,0.020273525,GO:0001706,b,4,endoderm formation,1291; 1303; 2335,COL6A1; FN1; COL12A1,53,5,3,0.056603774,0.6
0.002571973,0.020273525,GO:0030324,b,4,lung development,3146; 3371; 8985,PLOD3; HMGB1; TNC,162,5,3,0.018518519,0.6
0.002571973,0.020273525,GO:0030323,b,4,respiratory tube development,3146; 3371; 8985,PLOD3; HMGB1; TNC,166,5,3,0.018072289,0.6
0.002571973,0.020273525,GO:0060541,b,4,respiratory system development,3146; 3371; 8985,PLOD3; HMGB1; TNC,187,5,3,0.016042781,0.6
0.002571973,0.020273525,GO:0085029,b,4,extracellular matrix assembly,5768; 11117; 60681,QSOX1; FKBP10; EMILIN1,29,5,3,0.103448276,0.6
0.002571973,0.016289164,GO:0016504,m,4,peptidase activator activity,351; 2335; 5720,APP; FN1; PSME1,43,5,3,0.069767442,0.6
0.002571973,0.056003103,GO:0030207,b,5,chondroitin sulfate catabolic process,633; 3073; 3074,HEXA; HEXB; BGN,14,5,3,0.214285714,0.6
0.002631756,0.020273525,GO:0051270,b,4,regulation of cellular component movement,87; 351; 2316; 2335; 3146; 4478; 4921; 5216; 7414; 8826; 23603; 10631; 11117,ACTN1; EMILIN1; FN1; PFN1; DDR2; POSTN; APP; VCL; IQGAP1; CORO1C; MSN; FLNA; HMGB1,1013,85,13,0.012833169,0.152941176
0.002631756,0.056003103,GO:0031175,b,5,neuron projection development,60; 214; 351; 1808; 2316; 2335; 3146; 3371; 3956; 7414; 7431; 8826; 10631,DPYSL2; FN1; IQGAP1; ALCAM; APP; VCL; VIM; POSTN; TNC; FLNA; ACTB; LGALS1; HMGB1,976,85,13,0.013319672,0.152941176
0.002639877,0.056003103,GO:0071345,b,5,cellular response to cytokine stimulus,960; 2335; 2934; 3146; 3181; 3304; 4478; 5684; 5720; 7431; 9446; 10631,GSTO1; POSTN; FN1; MSN; CD44; HMGB1; PSMA3; PSME1; HSPA1B; HNRNPA2B1; VIM; GSN,1082,75,12,0.011090573,0.16
0.002654353,0.020273525,GO:0007399,b,4,nervous system development,60; 214; 351; 1808; 2316; 2335; 2934; 3074; 3146; 3339; 3371; 3956; 7414; 7431; 8826; 8985; 9948; 10631; 10971; 375790,HSPG2; DPYSL2; WDR1; FN1; IQGAP1; ALCAM; APP; HEXB; VCL; YWHAQ; VIM; AGRN; POSTN; TNC; PLOD3; FLNA; ACTB; LGALS1; HMGB1; GSN,2351,162,20,0.008507018,0.12345679
0.002695947,0.020273525,GO:0019221,b,4,cytokine-mediated signaling pathway,960; 2335; 3181; 3304; 4478; 5684; 5720; 7431; 9446,HSPA1B; GSTO1; FN1; PSMA3; CD44; PSME1; MSN; HNRNPA2B1; VIM,790,47,9,0.011392405,0.191489362
0.002695947,0.020273525,GO:0006936,b,4,muscle contraction,2316; 2934; 4637; 7094; 7169; 7414; 7431; 103910; 9446,GSTO1; MYL12B; VCL; TPM2; TLN1; MYL6; FLNA; VIM; GSN,343,47,9,0.026239067,0.191489362
0.002789498,0.02056571,GO:0070252,b,4,actin-mediated cell contraction,2316; 2934; 4637; 7169; 7431,MYL6; FLNA; VIM; TPM2; GSN,112,16,5,0.044642857,0.3125
0.002862911,0.01885385,GO:0044260,b,3,cellular macromolecule metabolic process,16; 60; 87; 351; 633; 813; 871; 960; 1471; 1509; 1522; 1973; 2280; 2316; 2335; 2934; 3073; 3074; 3146; 3181; 3304; 3371; 3956; 4478; 4627; 4869; 4921; 5351; 5684; 5720; 5768; 5954; 7431; 8468; 8826; 8985; 9124; 23603; 10971; 11117; 1508; 375790; 3339; 60681,PLOD1; FKBP10; HMGB1; QSOX1; BGN; AGRN; HSPA1B; FKBP6; IQGAP1; GSN; PLOD3; MYH9; YWHAQ; CORO1C; PSMA3; HNRNPA2B1; CST3; HSPG2; PDLIM1; RCN1; CD44; CTSB; CTSD; PSME1; CTSZ; TNC; AARS1; LGALS1; NPM1; SERPINH1; ACTN1; EMILIN1; FN1; MSN; HEXA; APP; HEXB; CALU; VIM; DDR2; FKBP1A; FLNA; ACTB; EIF4A1,8414,486,44,0.00522938,0.090534979
0.002876668,0.018858158,GO:0005539,m,3,glycosaminoglycan binding,351; 633; 960; 2335; 10631; 375790,FN1; CD44; APP; BGN; AGRN; POSTN,236,23,6,0.025423729,0.260869565
0.002876668,0.020800524,GO:0030099,b,4,myeloid cell differentiation,87; 351; 3146; 3304; 4627; 9948,ACTN1; WDR1; APP; MYH9; HSPA1B; HMGB1,419,23,6,0.014319809,0.260869565
0.002880449,0.01885385,GO:0051239,b,3,regulation of multicellular organismal process,351; 1471; 1808; 2280; 2316; 2335; 3146; 3304; 3956; 4921; 5216; 5684; 5720; 7414; 7431; 8826; 9446; 9948; 23603; 10631; 11117; 375790; 3339,HMGB1; HSPG2; AGRN; CORO1C; IQGAP1; PSMA3; CST3; DPYSL2; WDR1; VCL; PSME1; POSTN; LGALS1; GSTO1; EMILIN1; FN1; HSPA1B; DDR2; APP; VIM; PFN1; FKBP1A; FLNA,3158,199,23,0.007283091,0.115577889
0.002968591,0.021060193,GO:2000145,b,4,regulation of cell motility,351; 2316; 2335; 3146; 4478; 4921; 5216; 7414; 8826; 23603; 10631; 11117,EMILIN1; FN1; PFN1; DDR2; POSTN; APP; VCL; IQGAP1; CORO1C; MSN; FLNA; HMGB1,930,76,12,0.012903226,0.157894737
0.003081989,0.021459775,GO:0051093,b,4,negative regulation of developmental process,351; 1471; 2316; 3146; 3339; 3956; 7431; 23603; 10631; 11117,EMILIN1; POSTN; APP; HSPG2; VIM; CORO1C; FLNA; CST3; LGALS1; HMGB1,946,57,10,0.010570825,0.175438596
0.003526299,0.024107059,GO:0032990,b,4,cell part morphogenesis,60; 214; 351; 960; 1808; 2335; 7414; 8826; 23603; 10631,DPYSL2; FN1; POSTN; ALCAM; APP; VCL; CORO1C; CD44; ACTB; IQGAP1,682,58,10,0.014662757,0.172413793
0.003553299,0.059086584,GO:0048699,b,5,generation of neurons,60; 214; 351; 1808; 2316; 2335; 3146; 3371; 3956; 7414; 7431; 8826; 9948; 10631; 375790,DPYSL2; WDR1; FN1; IQGAP1; ALCAM; APP; VCL; VIM; AGRN; POSTN; TNC; FLNA; ACTB; LGALS1; HMGB1,1506,109,15,0.009960159,0.137614679
0.003635779,0.022998959,GO:0030048,b,3,actin filament-based movement,2316; 2934; 4627; 4637; 7169; 7431,MYH9; TPM2; VIM; MYL6; FLNA; GSN,142,24,6,0.042253521,0.25
0.003635779,0.019390822,GO:0001726,c,4,ruffle,87; 2934; 4627; 7094; 8826; 23603,ACTN1; MYH9; TLN1; CORO1C; IQGAP1; GSN,177,24,6,0.033898305,0.25
0.003635779,0.014088644,GO:0030863,c,5,cortical cytoskeleton,2316; 2934; 3927; 4627; 9948; 10487,WDR1; MYH9; CAP1; LASP1; FLNA; GSN,106,24,6,0.056603774,0.25
0.003644954,0.024443547,GO:0048534,b,4,hematopoietic or lymphoid organ development,87; 351; 3146; 3304; 3956; 4627; 5684; 5720; 9948,ACTN1; WDR1; PSMA3; APP; MYH9; PSME1; HSPA1B; LGALS1; HMGB1,930,49,9,0.009677419,0.183673469
0.003644954,0.059086584,GO:0030097,b,5,hemopoiesis,87; 351; 3146; 3304; 3956; 4627; 5684; 5720; 9948,ACTN1; WDR1; PSMA3; APP; MYH9; PSME1; HSPA1B; LGALS1; HMGB1,890,49,9,0.01011236,0.183673469
0.003705538,0.024443547,GO:0051241,b,4,negative regulation of multicellular organismal process,351; 1471; 2280; 2316; 2335; 3146; 3339; 3956; 7431; 23603; 11117,HSPG2; EMILIN1; FN1; APP; FKBP1A; VIM; CORO1C; FLNA; CST3; LGALS1; HMGB1,1181,68,11,0.009314141,0.161764706
0.003726683,0.022998959,GO:0040012,b,3,regulation of locomotion,351; 2316; 2335; 3146; 4478; 4921; 5216; 7414; 8826; 23603; 10631; 11117,EMILIN1; FN1; PFN1; DDR2; POSTN; APP; VCL; IQGAP1; CORO1C; MSN; FLNA; HMGB1,1001,78,12,0.011988012,0.153846154
0.003749095,0.019086303,GO:0030018,c,3,Z disc,87; 2280; 2316; 2317; 9124,FLNA; ACTN1; PDLIM1; FLNB; FKBP1A,124,17,5,0.040322581,0.294117647
0.003749095,0.019086303,GO:0031674,c,3,I band,87; 2280; 2316; 2317; 9124,FLNA; ACTN1; PDLIM1; FLNB; FKBP1A,136,17,5,0.036764706,0.294117647
0.004173719,0.022657329,GO:0016758,m,4,"transferase activity, transferring hexosyl groups",3073; 3074; 5351; 8985,HEXA; PLOD3; HEXB; PLOD1,205,11,4,0.019512195,0.363636364
0.004174119,0.059086584,GO:0051345,b,5,positive regulation of hydrolase activity,351; 1509; 2335; 2934; 3146; 3304; 5216; 5720; 8826; 23603; 375790,AGRN; FN1; PFN1; IQGAP1; APP; CTSD; PSME1; CORO1C; HSPA1B; HMGB1; GSN,778,69,11,0.014138817,0.15942029
0.004174119,0.059086584,GO:0060284,b,5,regulation of cell development,351; 1808; 2316; 2335; 3956; 7414; 7431; 8826; 9948; 23603; 10631,DPYSL2; WDR1; FN1; POSTN; APP; VCL; VIM; CORO1C; FLNA; LGALS1; IQGAP1,925,69,11,0.011891892,0.15942029
0.004336211,0.026121759,GO:0009057,b,4,macromolecule catabolic process,633; 960; 1471; 1509; 1522; 2316; 3073; 3074; 3146; 3304; 3339; 4478; 5684; 5720; 7431; 1508; 375790; 4869,HSPG2; MSN; HEXA; CD44; HMGB1; HEXB; CTSD; PSMA3; BGN; PSME1; AGRN; HSPA1B; CTSZ; CST3; FLNA; VIM; NPM1; CTSB,1442,145,18,0.012482663,0.124137931
0.004376784,0.024878562,GO:0007617,b,3,mating behavior,351; 3074,APP; HEXB,22,2,2,0.090909091,1
0.004376784,0.024878562,GO:0007618,b,3,mating,351; 3074,APP; HEXB,38,2,2,0.052631579,1
0.004376784,0.024878562,GO:0051124,b,3,synaptic growth at neuromuscular junction,351; 375790,AGRN; APP,9,2,2,0.222222222,1
0.004376784,0.026121759,GO:0051284,b,4,positive regulation of sequestering of calcium ion,2280; 9446,GSTO1; FKBP1A,15,2,2,0.133333333,1
0.004376784,0.026121759,GO:0010523,b,4,negative regulation of calcium ion transport into cytosol,2280; 9446,GSTO1; FKBP1A,17,2,2,0.117647059,1
0.004376784,0.026121759,GO:0001767,b,4,establishment of lymphocyte polarity,2934; 4627,MYH9; GSN,13,2,2,0.153846154,1
0.004376784,0.026121759,GO:0042339,b,4,keratan sulfate metabolic process,3073; 3074,HEXA; HEXB,33,2,2,0.060606061,1
0.004376784,0.026121759,GO:0060425,b,4,lung morphogenesis,3371; 8985,PLOD3; TNC,48,2,2,0.041666667,1
0.004376784,0.059086584,GO:0070486,b,5,leukocyte aggregation,960; 4478,CD44; MSN,13,2,2,0.153846154,1
0.004376784,0.059086584,GO:0010713,b,5,negative regulation of collagen metabolic process,1471; 11117,CST3; EMILIN1,11,2,2,0.181818182,1
0.004376784,0.059086584,GO:0001768,b,5,establishment of T cell polarity,2934; 4627,MYH9; GSN,12,2,2,0.166666667,1
0.004376784,0.059086584,GO:0042340,b,5,keratan sulfate catabolic process,3073; 3074,HEXA; HEXB,12,2,2,0.166666667,1
0.004376784,0.024072312,GO:0102148,m,5,N-acetyl-beta-D-galactosaminidase activity,3073; 3074,HEXA; HEXB,3,2,2,0.666666667,1
0.004376784,0.024072312,GO:0008375,m,5,acetylglucosaminyltransferase activity,3073; 3074,HEXA; HEXB,53,2,2,0.037735849,1
0.004620872,0.026749365,GO:0030182,b,4,neuron differentiation,60; 214; 351; 1808; 2316; 2335; 3146; 3371; 3956; 7414; 7431; 8826; 10631; 375790,DPYSL2; FN1; IQGAP1; ALCAM; APP; VCL; VIM; AGRN; POSTN; TNC; FLNA; ACTB; LGALS1; HMGB1,1352,101,14,0.01035503,0.138613861
0.004624225,0.026749365,GO:0045595,b,4,regulation of cell differentiation,351; 1808; 2316; 2335; 3146; 3304; 3956; 4921; 5684; 5720; 7414; 7431; 8826; 9948; 23603; 10631,IQGAP1; DPYSL2; WDR1; FN1; PSMA3; DDR2; POSTN; APP; VCL; PSME1; CORO1C; HSPA1B; FLNA; LGALS1; VIM; HMGB1,1844,123,16,0.00867679,0.130081301
0.004840249,0.025439862,GO:0003012,b,3,muscle system process,2316; 2934; 4637; 7169; 7414; 7431; 103910; 9446; 7094,GSTO1; MYL12B; VCL; TPM2; VIM; MYL6; FLNA; TLN1; GSN,422,51,9,0.021327014,0.176470588
0.004879333,0.022770221,GO:0070013,c,3,intracellular organelle lumen,60; 87; 351; 633; 813; 871; 1291; 1292; 1303; 1471; 1509; 1522; 2316; 2335; 2934; 3073; 3074; 3146; 3181; 3304; 3371; 3956; 3959; 4869; 5660; 5684; 5720; 5768; 5954; 7086; 7414; 7431; 8468; 8985; 9446; 10487; 1508; 375790; 83442; 3339; 60681,FKBP10; HMGB1; QSOX1; BGN; AGRN; HSPA1B; FKBP6; GSN; PLOD3; CAP1; PSMA3; TKT; HNRNPA2B1; CST3; HSPG2; RCN1; VCL; CTSB; CTSD; PSME1; LGALS3BP; CTSZ; TNC; LGALS1; NPM1; ACTB; ACTN1; GSTO1; SH3BGRL3; FN1; HEXA; APP; HEXB; PSAP; CALU; VIM; COL6A1; FLNA; SERPINH1; COL6A2; COL12A1,5583,452,41,0.007343722,0.090707965
0.0048986,0.025439862,GO:0001974,b,3,blood vessel remodeling,633; 1471; 2316,CST3; BGN; FLNA,40,6,3,0.075,0.5
0.0048986,0.025439862,GO:0001704,b,3,formation of primary germ layer,1291; 1303; 2335,COL6A1; FN1; COL12A1,111,6,3,0.027027027,0.5
0.0048986,0.028901738,GO:0003755,m,3,peptidyl-prolyl cis-trans isomerase activity,2280; 8468; 60681,FKBP6; FKBP10; FKBP1A,46,6,3,0.065217391,0.5
0.0048986,0.027086375,GO:1902414,b,4,protein localization to cell junction,60; 2316; 7414,FLNA; ACTB; VCL,21,6,3,0.142857143,0.5
0.0048986,0.027086375,GO:0030204,b,4,chondroitin sulfate metabolic process,633; 3073; 3074,HEXA; HEXB; BGN,38,6,3,0.078947368,0.5
0.0048986,0.027086375,GO:0007492,b,4,endoderm development,1291; 1303; 2335,COL6A1; FN1; COL12A1,76,6,3,0.039473684,0.5
0.0048986,0.023268349,GO:0008194,m,4,UDP-glycosyltransferase activity,3073; 3074; 8985,HEXA; PLOD3; HEXB,148,6,3,0.02027027,0.5
0.0048986,0.024116183,GO:1904724,c,4,tertiary granule lumen,1471; 1509; 5768,CST3; QSOX1; CTSD,55,6,3,0.054545455,0.5
0.0048986,0.060620172,GO:1903053,b,5,regulation of extracellular matrix organization,1471; 4921; 11117,DDR2; CST3; EMILIN1,45,6,3,0.066666667,0.5
0.0048986,0.060620172,GO:0033275,b,5,actin-myosin filament sliding,4637; 7169; 7431,MYL6; TPM2; VIM,39,6,3,0.076923077,0.5
0.00494664,0.025439862,GO:0010033,b,3,response to organic substance,60; 351; 871; 960; 1291; 1292; 2335; 2934; 3146; 3181; 3304; 3371; 3956; 4478; 4869; 5684; 5720; 7431; 8826; 8985; 9446; 10631; 11117; 1508; 375790; 7094,HMGB1; AGRN; MSN; IQGAP1; GSN; PLOD3; TLN1; PSMA3; HNRNPA2B1; CD44; CTSB; PSME1; POSTN; TNC; LGALS1; NPM1; ACTB; GSTO1; EMILIN1; FN1; HSPA1B; APP; VIM; COL6A1; SERPINH1; COL6A2,3181,245,26,0.00817353,0.106122449
0.005370121,0.026975489,GO:1901564,b,3,organonitrogen compound metabolic process,16; 60; 351; 633; 813; 871; 960; 1471; 1509; 1522; 1808; 1973; 2280; 2316; 2335; 2934; 3073; 3074; 3146; 3304; 3371; 3956; 4478; 4627; 4869; 4921; 5351; 5652; 5660; 5684; 5720; 5768; 5954; 7086; 7431; 8468; 8826; 8985; 9446; 23603; 11117; 1508; 375790; 3339; 60681,PLOD1; FKBP10; HMGB1; QSOX1; BGN; AGRN; HSPA1B; FKBP6; PRSS8; IQGAP1; GSN; PLOD3; MYH9; CORO1C; PSMA3; TKT; CST3; HSPG2; DPYSL2; RCN1; CD44; CTSB; CTSD; PSME1; CTSZ; TNC; AARS1; LGALS1; NPM1; ACTB; GSTO1; EMILIN1; FN1; MSN; HEXA; APP; HEXB; PSAP; CALU; VIM; DDR2; FKBP1A; FLNA; SERPINH1; EIF4A1,7085,514,45,0.006351447,0.087548638
0.005588697,0.023547463,GO:0042383,c,3,sarcolemma,633; 1291; 1292; 5339; 7414; 23603,VCL; BGN; CORO1C; PLEC; COL6A1; COL6A2,135,26,6,0.044444444,0.230769231
0.005588697,0.030454351,GO:0002064,b,4,epithelial cell development,2316; 4478; 7414; 7431; 8826; 8985,PLOD3; VCL; VIM; MSN; FLNA; IQGAP1,211,26,6,0.028436019,0.230769231
0.005840945,0.06553893,GO:0031344,b,5,regulation of cell projection organization,960; 1808; 2316; 2335; 3956; 5216; 7431; 8826; 23603; 375790,DPYSL2; FN1; CORO1C; CD44; VIM; AGRN; PFN1; FLNA; LGALS1; IQGAP1,702,62,10,0.014245014,0.161290323
0.005886866,0.023547463,GO:0044432,c,3,endoplasmic reticulum part,351; 813; 871; 1291; 1292; 1303; 1471; 1522; 2280; 2335; 3371; 3956; 5351; 5768; 5954; 7086; 8985; 60681,QSOX1; TKT; RCN1; FN1; PLOD3; APP; PLOD1; CALU; FKBP10; CTSZ; TNC; FKBP1A; COL6A1; CST3; SERPINH1; COL6A2; LGALS1; COL12A1,1404,149,18,0.012820513,0.120805369
0.005948232,0.029200413,GO:0007164,b,3,establishment of tissue polarity,5216; 5684; 5720; 9948,PFN1; PSME1; WDR1; PSMA3,124,12,4,0.032258065,0.333333333
0.005948232,0.031500497,GO:0022617,b,4,extracellular matrix disassembly,960; 1471; 2934; 4921,DDR2; CD44; GSN; CST3,81,12,4,0.049382716,0.333333333
0.005948232,0.031500497,GO:0001736,b,4,establishment of planar polarity,5216; 5684; 5720; 9948,PFN1; PSME1; WDR1; PSMA3,124,12,4,0.032258065,0.333333333
0.005948232,0.06553893,GO:0048675,b,5,axon extension,214; 1808; 2335; 7414,ALCAM; DPYSL2; VCL; FN1,114,12,4,0.035087719,0.333333333
0.006341898,0.06553893,GO:0034333,b,5,adherens junction assembly,60; 87; 7414; 8826; 23603,CORO1C; ACTB; VCL; ACTN1; IQGAP1,96,19,5,0.052083333,0.263157895
0.006381949,0.06553893,GO:0010604,b,5,positive regulation of macromolecule metabolic process,60; 87; 351; 960; 1509; 2280; 2335; 2934; 3074; 3146; 3181; 3304; 3371; 4478; 4627; 4921; 5720; 7431; 8826; 9124; 11117; 375790; 4869,HMGB1; AGRN; MSN; IQGAP1; GSN; MYH9; HNRNPA2B1; PDLIM1; CD44; CTSD; PSME1; TNC; NPM1; ACTN1; EMILIN1; FN1; HSPA1B; DDR2; APP; HEXB; VIM; FKBP1A; ACTB,3354,211,23,0.006857484,0.109004739
0.006870318,0.025649188,GO:0044433,c,3,cytoplasmic vesicle part,87; 351; 960; 1471; 1509; 1522; 2335; 2934; 3074; 3146; 3304; 3959; 5660; 5768; 7414; 8826; 10487; 23603; 1508,ACTN1; QSOX1; FN1; CORO1C; CD44; APP; HEXB; CTSD; CAP1; IQGAP1; LGALS3BP; HSPA1B; CTSZ; CTSB; PSAP; CST3; VCL; HMGB1; GSN,1547,163,19,0.012281836,0.116564417
0.007221904,0.06553893,GO:0051246,b,5,regulation of protein metabolic process,60; 351; 871; 960; 1471; 1509; 1522; 2280; 2316; 2335; 2934; 3146; 3304; 4478; 4627; 4921; 5684; 5720; 7431; 8826; 23603; 11117; 4869,HSPA1B; HMGB1; MSN; IQGAP1; GSN; MYH9; PSMA3; CST3; CD44; CTSD; PSME1; CTSZ; NPM1; ACTB; FN1; EMILIN1; CORO1C; DDR2; APP; VIM; FKBP1A; FLNA; SERPINH1,2861,213,23,0.008039147,0.107981221
0.007473062,0.035870697,GO:0032879,b,3,regulation of localization,60; 87; 351; 1509; 2280; 2316; 2335; 2934; 3146; 3304; 4478; 4921; 5216; 5652; 7414; 8826; 9446; 9948; 23603; 10631; 10971; 11117,HMGB1; MSN; PRSS8; IQGAP1; GSN; YWHAQ; CORO1C; WDR1; CTSD; VCL; POSTN; ACTN1; GSTO1; EMILIN1; FN1; HSPA1B; DDR2; APP; PFN1; FKBP1A; FLNA; ACTB,2686,201,22,0.008190618,0.109452736
0.007559138,0.06553893,GO:0045596,b,5,negative regulation of cell differentiation,351; 2316; 3146; 3956; 7431; 23603; 10631,POSTN; APP; VIM; CORO1C; FLNA; LGALS1; HMGB1,710,36,7,0.009859155,0.194444444
0.007902713,0.06553893,GO:0009967,b,5,positive regulation of signal transduction,351; 960; 2280; 2316; 2335; 2934; 3146; 3304; 3956; 5684; 5720; 8826; 9446; 10971,GSTO1; FN1; PSMA3; IQGAP1; CD44; APP; YWHAQ; PSME1; HSPA1B; FKBP1A; FLNA; LGALS1; HMGB1; GSN,1619,107,14,0.008647313,0.130841121
0.008023513,0.034832873,GO:0030864,c,4,cortical actin cytoskeleton,2934; 3927; 4627; 9948; 10487,LASP1; MYH9; CAP1; WDR1; GSN,80,20,5,0.0625,0.25
0.008023513,0.06553893,GO:0051271,b,5,negative regulation of cellular component movement,87; 3146; 7414; 23603; 11117,CORO1C; ACTN1; VCL; HMGB1; EMILIN1,308,20,5,0.016233766,0.25
0.008023513,0.06553893,GO:0070371,b,5,ERK1 and ERK2 cascade,351; 960; 2335; 3146; 11117,CD44; APP; EMILIN1; HMGB1; FN1,313,20,5,0.015974441,0.25
0.008163955,0.034832873,GO:0016528,c,4,sarcoplasm,813; 2280; 2934; 5339,GSN; PLEC; CALU; FKBP1A,79,13,4,0.050632911,0.307692308
0.008164783,0.040143514,GO:0030020,m,3,extracellular matrix structural constituent conferring tensile strength,1291; 1292; 1303,COL6A1; COL6A2; COL12A1,41,7,3,0.073170732,0.428571429
0.008164783,0.040143514,GO:0016859,m,3,cis-trans isomerase activity,2280; 8468; 60681,FKBP6; FKBP10; FKBP1A,49,7,3,0.06122449,0.428571429
0.008164783,0.040394187,GO:1990000,b,4,amyloid fibril formation,351; 2280; 2934,APP; GSN; FKBP1A,25,7,3,0.12,0.428571429
0.008164783,0.040394187,GO:0051216,b,4,cartilage development,633; 871; 960,CD44; SERPINH1; BGN,184,7,3,0.016304348,0.428571429
0.008164783,0.040394187,GO:0044273,b,4,sulfur compound catabolic process,633; 3073; 3074,HEXA; HEXB; BGN,58,7,3,0.051724138,0.428571429
0.008164783,0.040394187,GO:0043113,b,4,receptor clustering,2316; 2934; 375790,AGRN; FLNA; GSN,52,7,3,0.057692308,0.428571429
0.008164783,0.040394187,GO:0033273,b,4,response to vitamin,2934; 3371; 10631,POSTN; TNC; GSN,88,7,3,0.034090909,0.428571429
0.008164783,0.06553893,GO:0006029,b,5,proteoglycan metabolic process,633; 3073; 3074,HEXA; HEXB; BGN,87,7,3,0.034482759,0.428571429
0.008164783,0.06553893,GO:0035722,b,5,interleukin-12-mediated signaling pathway,3181; 4478; 9446,MSN; GSTO1; HNRNPA2B1,47,7,3,0.063829787,0.428571429
0.008164783,0.06553893,GO:0070671,b,5,response to interleukin-12,3181; 4478; 9446,MSN; GSTO1; HNRNPA2B1,50,7,3,0.06,0.428571429
0.008164783,0.06553893,GO:0010761,b,5,fibroblast migration,4921; 9124; 23603,DDR2; CORO1C; PDLIM1,43,7,3,0.069767442,0.428571429
0.008773831,0.041198859,GO:0070887,b,3,cellular response to chemical stimulus,60; 351; 960; 1291; 2335; 2934; 3146; 3181; 3304; 3371; 3956; 4478; 4869; 5684; 5720; 7431; 8826; 8985; 9446; 10631; 11117; 1508; 375790; 7094,HMGB1; AGRN; MSN; IQGAP1; GSN; PLOD3; TLN1; PSMA3; HNRNPA2B1; CD44; CTSB; PSME1; POSTN; TNC; LGALS1; NPM1; GSTO1; FN1; EMILIN1; HSPA1B; APP; VIM; COL6A1; ACTB,3189,229,24,0.00752587,0.104803493
0.009448641,0.046138817,GO:1901565,b,4,organonitrogen compound catabolic process,633; 960; 1471; 1509; 1522; 1808; 2316; 3073; 3074; 3304; 3339; 4478; 5684; 5720; 1508; 375790,HSPG2; DPYSL2; MSN; HEXA; CD44; CTSB; HEXB; CTSD; PSMA3; BGN; PSME1; AGRN; HSPA1B; CTSZ; FLNA; CST3,1349,132,16,0.011860638,0.121212121
0.009993008,0.034975528,GO:0005903,c,3,brush border,87; 2316; 4627; 4637; 5339,MYL6; FLNA; ACTN1; MYH9; PLEC,101,21,5,0.04950495,0.238095238
0.009993008,0.071753566,GO:0042063,b,5,gliogenesis,351; 2934; 3074; 7431; 9948,APP; HEXB; WDR1; VIM; GSN,275,21,5,0.018181818,0.238095238